Date,Occupancy,N_Admitted,FreshWater,HighChlorine,LowChlorine,TotalWater,MedStaffHRZ,WASHStaffHRZ,TotalStaffHRZ,BagsIncineratedHRZ,BagsIncineratedLRZ,LatrinesDisinfected,CubicalBedsDisinfected,HandwashBuckets,WardsDisinfected,ScrubsLaundered,ApronsLaundered,BootsLaundered,HeavyGlovesLaundered,GogglesDisinfected,SprayerRepaired,S_CoverallsUsed,M_CoverallsUsed,L_CoverallsUsed,XL_CoverallsUsed,XXL_CoverallsUsed,CoverallsUsed,N95Used,HoodsUsed,PPEDamaged,Location,Month,Year,Week
2015-12-19T00:00:00Z,2,NA,NA,1300,1100,2400,35,40,75,2,NA,NA,2,NA,NA,NA,NA,NA,NA,NA,NA,NA,NA,NA,NA,NA,NA,NA,NA,18,Makeni,Dec,2015,51
2015-12-20T00:00:00Z,9,NA,NA,3900,8400,12300,56,47,103,6,NA,NA,6,NA,NA,NA,NA,NA,NA,NA,NA,NA,NA,NA,NA,NA,NA,NA,NA,10,Makeni,Dec,2015,51
2015-12-21T00:00:00Z,9,NA,NA,2700,2100,4800,46,48,94,30,NA,NA,11,NA,NA,NA,NA,NA,NA,NA,NA,NA,NA,NA,NA,NA,NA,NA,NA,30,Makeni,Dec,2015,51
2015-12-22T00:00:00Z,9,NA,NA,4057,3047,7104,51,68,119,52,NA,NA,5,NA,NA,NA,NA,NA,NA,NA,NA,NA,NA,NA,NA,NA,NA,NA,NA,13,Makeni,Dec,2015,51
2015-12-23T00:00:00Z,6,NA,NA,4300,4300,8600,34,59,93,22,NA,NA,8,NA,NA,NA,NA,NA,NA,NA,NA,NA,NA,NA,NA,NA,NA,NA,NA,12,Makeni,Dec,2015,51
2015-12-24T00:00:00Z,9,NA,NA,2450,1100,3550,25,43,68,23,NA,NA,7,NA,NA,NA,NA,NA,NA,NA,NA,NA,NA,NA,NA,NA,NA,NA,NA,5,Makeni,Dec,2015,52
2015-12-25T00:00:00Z,14,NA,NA,4700,4700,9400,39,69,108,73,NA,NA,8,NA,NA,NA,NA,NA,NA,NA,NA,NA,NA,NA,NA,NA,NA,NA,NA,17,Makeni,Dec,2015,52
2015-12-26T00:00:00Z,13,NA,NA,4100,6800,10900,41,37,78,43,NA,NA,13,NA,NA,NA,NA,NA,NA,NA,NA,NA,NA,NA,NA,NA,NA,NA,NA,5,Makeni,Dec,2015,52
2015-12-27T00:00:00Z,13,NA,NA,3500,3400,6900,38,47,85,34,NA,NA,18,NA,NA,NA,NA,NA,NA,NA,NA,NA,NA,NA,NA,NA,NA,NA,NA,16,Makeni,Dec,2015,52
2015-12-28T00:00:00Z,12,NA,NA,4150,3600,7750,30,52,82,51,NA,NA,23,NA,NA,NA,NA,NA,NA,NA,NA,NA,NA,NA,NA,NA,NA,NA,NA,4,Makeni,Dec,2015,52
2015-12-29T00:00:00Z,15,NA,NA,5000,3200,8200,36,47,83,29,NA,NA,27,NA,NA,NA,NA,NA,NA,NA,NA,NA,NA,NA,NA,NA,NA,NA,NA,16,Makeni,Dec,2015,52
2015-12-30T00:00:00Z,12,NA,NA,4200,2900,7100,36,42,78,53,NA,NA,14,NA,NA,NA,NA,NA,NA,NA,NA,NA,NA,NA,NA,NA,NA,NA,NA,8,Makeni,Dec,2015,52
2015-12-31T00:00:00Z,9,NA,NA,4500,3650,8150,29,58,87,61,NA,NA,5,NA,NA,NA,NA,NA,NA,NA,NA,NA,NA,NA,NA,NA,NA,NA,NA,4,Makeni,Dec,2015,53
2016-01-01T00:00:00Z,9,NA,NA,NA,NA,NA,33,40,73,NA,NA,NA,7,NA,NA,NA,NA,NA,NA,NA,NA,NA,NA,NA,NA,NA,NA,NA,NA,0,Makeni,Jan,2016,1
2015-01-02T00:00:00Z,12,NA,NA,5200,3300,8500,36,31,67,63,NA,NA,8,NA,NA,NA,NA,NA,NA,NA,NA,NA,NA,NA,NA,NA,NA,NA,NA,3,Makeni,Jan,2015,1
2015-01-03T00:00:00Z,10,NA,NA,5000,3500,8500,30,43,73,62,NA,NA,14,NA,NA,NA,NA,NA,NA,NA,NA,NA,NA,NA,NA,NA,NA,NA,NA,3,Makeni,Jan,2015,1
2015-01-04T00:00:00Z,10,NA,NA,3600,3150,6750,40,5,45,47,NA,NA,32,NA,NA,NA,NA,NA,NA,NA,NA,NA,NA,NA,NA,NA,NA,NA,NA,NA,Makeni,Jan,2015,1
2015-01-05T00:00:00Z,11,NA,NA,4200,2800,7000,27,34,61,31,NA,NA,14,NA,NA,NA,NA,NA,NA,NA,NA,NA,NA,NA,NA,NA,NA,NA,NA,2,Makeni,Jan,2015,1
2015-01-06T00:00:00Z,14,NA,NA,7070,3900,10970,28,30,58,42,NA,NA,24,NA,NA,NA,NA,NA,NA,NA,NA,NA,NA,NA,NA,NA,NA,NA,NA,8,Makeni,Jan,2015,1
2015-01-07T00:00:00Z,14,NA,NA,4380,2900,7280,28,38,66,38,NA,NA,12,NA,NA,NA,NA,NA,NA,NA,NA,NA,NA,NA,NA,NA,NA,NA,NA,3,Makeni,Jan,2015,1
2015-01-08T00:00:00Z,10,NA,NA,3600,3300,6900,28,35,63,33,NA,NA,10,NA,NA,NA,NA,NA,NA,NA,NA,NA,NA,NA,NA,NA,NA,NA,NA,3,Makeni,Jan,2015,2
2015-01-09T00:00:00Z,8,NA,NA,5000,2700,7700,24,35,59,49,NA,NA,18,NA,NA,NA,NA,NA,NA,NA,NA,NA,NA,NA,NA,NA,NA,NA,NA,3,Makeni,Jan,2015,2
2015-01-10T00:00:00Z,6,NA,NA,5300,2350,7650,19,37,56,47,NA,NA,15,NA,NA,NA,NA,NA,NA,NA,NA,NA,NA,NA,NA,NA,NA,NA,NA,6,Makeni,Jan,2015,2
2015-01-11T00:00:00Z,9,NA,NA,3900,2350,6250,24,35,59,25,NA,NA,3,NA,NA,NA,NA,NA,NA,NA,NA,NA,NA,NA,NA,NA,NA,NA,NA,2,Makeni,Jan,2015,2
2015-01-12T00:00:00Z,9,NA,NA,4200,1800,6000,14,27,41,44,NA,NA,11,NA,NA,NA,NA,NA,NA,NA,NA,NA,NA,NA,NA,NA,NA,NA,NA,1,Makeni,Jan,2015,2
2015-01-13T00:00:00Z,10,NA,NA,5000,3500,8500,17,36,53,68,NA,NA,15,NA,NA,NA,NA,NA,NA,NA,NA,NA,NA,NA,NA,NA,NA,NA,NA,27,Makeni,Jan,2015,2
2015-01-14T00:00:00Z,10,NA,NA,5500,2700,8200,18,41,59,39,NA,NA,13,NA,NA,NA,NA,NA,NA,NA,NA,NA,NA,NA,NA,NA,NA,NA,NA,25,Makeni,Jan,2015,2
2015-01-15T00:00:00Z,10,NA,NA,4400,3100,7500,32,35,67,12,NA,NA,15,NA,NA,NA,NA,NA,NA,NA,NA,NA,NA,NA,NA,NA,NA,NA,NA,1,Makeni,Jan,2015,3
2015-01-16T00:00:00Z,9,NA,NA,5950,2030,7980,25,30,55,12,NA,NA,13,NA,NA,NA,NA,NA,NA,NA,NA,NA,NA,NA,NA,NA,NA,NA,NA,3,Makeni,Jan,2015,3
2015-01-17T00:00:00Z,8,NA,NA,5250,2850,8100,20,33,53,3,NA,NA,0,NA,NA,NA,NA,NA,NA,NA,NA,NA,NA,NA,NA,NA,NA,NA,NA,3,Makeni,Jan,2015,3
2015-01-18T00:00:00Z,6,NA,NA,5950,2850,8800,14,22,36,35,NA,NA,12,NA,NA,NA,NA,NA,NA,NA,NA,NA,NA,NA,NA,NA,NA,NA,NA,1,Makeni,Jan,2015,3
2015-01-19T00:00:00Z,5,NA,NA,5850,2000,7850,15,33,48,10,NA,NA,15,NA,NA,NA,NA,NA,NA,NA,NA,NA,NA,NA,NA,NA,NA,NA,NA,6,Makeni,Jan,2015,3
2015-01-20T00:00:00Z,5,NA,NA,3900,1600,5500,15,34,49,28,NA,NA,9,NA,NA,NA,NA,NA,NA,NA,NA,NA,NA,NA,NA,NA,NA,NA,NA,3,Makeni,Jan,2015,3
2015-01-21T00:00:00Z,3,NA,NA,6950,1600,8550,12,31,43,0,NA,NA,3,NA,NA,NA,NA,NA,NA,NA,NA,NA,NA,NA,NA,NA,NA,NA,NA,2,Makeni,Jan,2015,3
2015-01-22T00:00:00Z,3,NA,NA,4920,1900,6820,10,22,32,8,NA,NA,7,NA,NA,NA,NA,NA,NA,NA,NA,NA,NA,NA,NA,NA,NA,NA,NA,0,Makeni,Jan,2015,4
2015-01-23T00:00:00Z,2,NA,NA,4730,1350,6080,8,23,31,27,NA,NA,0,NA,NA,NA,NA,NA,NA,NA,NA,NA,NA,NA,NA,NA,NA,NA,NA,0,Makeni,Jan,2015,4
2015-01-24T00:00:00Z,7,NA,NA,4450,1600,6050,18,30,48,0,NA,NA,13,NA,NA,NA,NA,NA,NA,NA,NA,NA,NA,NA,NA,NA,NA,NA,NA,0,Makeni,Jan,2015,4
2015-01-25T00:00:00Z,8,NA,NA,2900,1600,4500,15,29,44,53,NA,NA,15,NA,NA,NA,NA,NA,NA,NA,NA,NA,NA,NA,NA,NA,NA,NA,NA,0,Makeni,Jan,2015,4
2015-01-26T00:00:00Z,11,NA,NA,5400,2250,7650,19,32,51,8,NA,NA,6,NA,NA,NA,NA,NA,NA,NA,NA,NA,NA,NA,NA,NA,NA,NA,NA,6,Makeni,Jan,2015,4
2015-01-27T00:00:00Z,11,NA,NA,4900,2000,6900,17,36,53,14,NA,NA,17,NA,NA,NA,NA,NA,NA,NA,NA,NA,NA,NA,NA,NA,NA,NA,NA,6,Makeni,Jan,2015,4
2015-01-28T00:00:00Z,8,NA,NA,5800,2500,8300,15,31,46,49,NA,NA,3,NA,NA,NA,NA,NA,NA,NA,NA,NA,NA,NA,NA,NA,NA,NA,NA,0,Makeni,Jan,2015,4
2015-01-29T00:00:00Z,10,NA,NA,1700,1800,3500,14,23,37,46,NA,NA,20,NA,NA,NA,NA,NA,NA,NA,NA,NA,NA,NA,NA,NA,NA,NA,NA,12,Makeni,Jan,2015,5
2015-01-30T00:00:00Z,6,NA,NA,2500,2100,4600,12,30,42,42,NA,NA,10,NA,NA,NA,NA,NA,NA,NA,NA,NA,NA,NA,NA,NA,NA,NA,NA,0,Makeni,Jan,2015,5
2015-01-31T00:00:00Z,6,NA,NA,6600,2200,8800,16,33,49,7,NA,NA,1,NA,NA,NA,NA,NA,NA,NA,NA,NA,NA,NA,NA,NA,NA,NA,NA,2,Makeni,Jan,2015,5
2015-02-01T00:00:00Z,6,NA,NA,5000,1500,6500,16,25,41,14,NA,NA,9,NA,NA,NA,NA,NA,NA,NA,NA,NA,NA,NA,NA,NA,NA,NA,NA,0,Makeni,Feb,2015,5
2015-02-02T00:00:00Z,6,NA,NA,5000,1500,6500,30,33,63,23,NA,NA,9,NA,NA,NA,NA,NA,NA,NA,NA,NA,NA,NA,NA,NA,NA,NA,NA,5,Makeni,Feb,2015,5
2015-02-03T00:00:00Z,6,NA,NA,4620,3300,7920,14,35,49,4,NA,NA,12,NA,NA,NA,NA,NA,NA,NA,NA,NA,NA,NA,NA,NA,NA,NA,NA,1,Makeni,Feb,2015,5
2015-02-04T00:00:00Z,6,NA,NA,4980,2330,7310,22,34,56,32,NA,NA,12,NA,NA,NA,NA,NA,NA,NA,NA,NA,NA,NA,NA,NA,NA,NA,NA,1,Makeni,Feb,2015,5
2015-02-05T00:00:00Z,9,NA,NA,4400,2470,6870,22,36,58,10,NA,NA,3,NA,NA,NA,NA,NA,NA,NA,NA,NA,NA,NA,NA,NA,NA,NA,NA,0,Makeni,Feb,2015,6
2015-02-06T00:00:00Z,8,NA,NA,9500,3450,12950,31,31,62,53,NA,NA,17,NA,NA,NA,NA,NA,NA,NA,NA,NA,NA,NA,NA,NA,NA,NA,NA,3,Makeni,Feb,2015,6
2015-02-07T00:00:00Z,12,NA,NA,5050,2050,7100,21,38,59,38,NA,NA,12,NA,NA,NA,NA,NA,NA,NA,NA,NA,NA,NA,NA,NA,NA,NA,NA,0,Makeni,Feb,2015,6
2015-02-08T00:00:00Z,11,NA,NA,4950,3700,8650,22,31,53,13,NA,NA,11,NA,NA,NA,NA,NA,NA,NA,NA,NA,NA,NA,NA,NA,NA,NA,NA,0,Makeni,Feb,2015,6
2015-02-09T00:00:00Z,14,NA,NA,5150,2250,7400,24,39,63,35,NA,NA,12,NA,NA,NA,NA,NA,NA,NA,NA,NA,NA,NA,NA,NA,NA,NA,NA,0,Makeni,Feb,2015,6
2015-02-10T00:00:00Z,13,NA,NA,6350,2950,9300,21,31,52,26,NA,NA,3,NA,NA,NA,NA,NA,NA,NA,NA,NA,NA,NA,NA,NA,NA,NA,NA,4,Makeni,Feb,2015,6
2015-02-11T00:00:00Z,15,NA,NA,4100,2100,6200,24,32,56,15,NA,NA,4,NA,NA,NA,NA,NA,NA,NA,NA,NA,NA,NA,NA,NA,NA,NA,NA,0,Makeni,Feb,2015,6
2015-02-12T00:00:00Z,16,NA,NA,7400,2600,10000,20,47,67,40,NA,NA,18,NA,NA,NA,NA,NA,NA,NA,NA,NA,NA,NA,NA,NA,NA,NA,NA,1,Makeni,Feb,2015,7
2015-02-13T00:00:00Z,11,NA,NA,5250,2000,7250,16,44,60,12,NA,NA,11,NA,NA,NA,NA,NA,NA,NA,NA,NA,NA,NA,NA,NA,NA,NA,NA,1,Makeni,Feb,2015,7
2015-02-14T00:00:00Z,10,NA,NA,4050,2400,6450,NA,NA,0,39,NA,NA,13,NA,NA,NA,NA,NA,NA,NA,NA,NA,NA,NA,NA,NA,NA,NA,NA,NA,Makeni,Feb,2015,7
2015-02-15T00:00:00Z,5,NA,NA,6850,3600,10450,15,33,48,44,NA,NA,7,NA,NA,NA,NA,NA,NA,NA,NA,NA,NA,NA,NA,NA,NA,NA,NA,1,Makeni,Feb,2015,7
2015-02-16T00:00:00Z,7,NA,NA,7200,3800,11000,26,38,64,27,NA,NA,10,NA,NA,NA,NA,NA,NA,NA,NA,NA,NA,NA,NA,NA,NA,NA,NA,1,Makeni,Feb,2015,7
2015-02-17T00:00:00Z,10,NA,NA,7000,1950,8950,24,44,68,10,NA,NA,10,NA,NA,NA,NA,NA,NA,NA,NA,NA,NA,NA,NA,NA,NA,NA,NA,1,Makeni,Feb,2015,7
2015-02-18T00:00:00Z,14,NA,NA,7550,3800,11350,23,30,53,0,NA,NA,14,NA,NA,NA,NA,NA,NA,NA,NA,NA,NA,NA,NA,NA,NA,NA,NA,0,Makeni,Feb,2015,7
2015-02-19T00:00:00Z,15,NA,NA,5700,2500,8200,22,44,66,20,NA,NA,27,NA,NA,NA,NA,NA,NA,NA,NA,NA,NA,NA,NA,NA,NA,NA,NA,8,Makeni,Feb,2015,8
2015-02-20T00:00:00Z,19,NA,NA,6500,3700,10200,28,52,80,29,NA,NA,24,NA,NA,NA,NA,NA,NA,NA,NA,NA,NA,NA,NA,NA,NA,NA,NA,0,Makeni,Feb,2015,8
2015-02-21T00:00:00Z,23,NA,NA,7200,2250,9450,25,40,65,31,NA,NA,35,NA,NA,NA,NA,NA,NA,NA,NA,NA,NA,NA,NA,NA,NA,NA,NA,0,Makeni,Feb,2015,8
2015-02-22T00:00:00Z,36,NA,NA,7500,2900,10400,28,40,68,26,NA,NA,23,NA,NA,NA,NA,NA,NA,NA,NA,NA,NA,NA,NA,NA,NA,NA,NA,2,Makeni,Feb,2015,8
2015-02-23T00:00:00Z,40,NA,NA,7400,2050,9450,33,68,101,0,NA,NA,29,NA,NA,NA,NA,NA,NA,NA,NA,NA,NA,NA,NA,NA,NA,NA,NA,1,Makeni,Feb,2015,8
2015-02-24T00:00:00Z,33,NA,NA,7000,2400,9400,42,64,106,0,NA,NA,21,NA,NA,NA,NA,NA,NA,NA,NA,NA,NA,NA,NA,NA,NA,NA,NA,0,Makeni,Feb,2015,8
2015-02-25T00:00:00Z,32,NA,NA,10200,3300,13500,31,65,96,12,NA,NA,56,NA,NA,NA,NA,NA,NA,NA,NA,NA,NA,NA,NA,NA,NA,NA,NA,1,Makeni,Feb,2015,8
2015-02-26T00:00:00Z,52,NA,NA,7800,2900,10700,37,54,91,0,NA,NA,59,NA,NA,NA,NA,NA,NA,NA,NA,NA,NA,NA,NA,NA,NA,NA,NA,6,Makeni,Feb,2015,9
2015-02-27T00:00:00Z,58,NA,NA,8800,3100,11900,33,57,90,105,NA,NA,53,NA,NA,NA,NA,NA,NA,NA,NA,NA,NA,NA,NA,NA,NA,NA,NA,2,Makeni,Feb,2015,9
2015-02-28T00:00:00Z,54,NA,NA,6500,2900,9400,42,54,96,15,NA,NA,82,NA,NA,NA,NA,NA,NA,NA,NA,NA,NA,NA,NA,NA,NA,NA,NA,0,Makeni,Feb,2015,9
2015-03-01T00:00:00Z,45,NA,NA,5200,2050,7250,36,61,97,16,NA,NA,9,NA,NA,NA,NA,NA,NA,NA,NA,NA,NA,NA,NA,NA,NA,NA,NA,2,Makeni,Mar,2015,9
2015-03-02T00:00:00Z,35,NA,NA,5100,4200,9300,27,41,68,33,NA,NA,34,NA,NA,NA,NA,NA,NA,NA,NA,NA,NA,NA,NA,NA,NA,NA,NA,0,Makeni,Mar,2015,9
2015-03-03T00:00:00Z,32,NA,NA,5100,2000,7100,29,42,71,12,NA,NA,17,NA,NA,NA,NA,NA,NA,NA,NA,NA,NA,NA,NA,NA,NA,NA,NA,7,Makeni,Mar,2015,9
2015-03-04T00:00:00Z,25,NA,NA,5200,2100,7300,21,31,52,26,NA,NA,16,NA,NA,NA,NA,NA,NA,NA,NA,NA,NA,NA,NA,NA,NA,NA,NA,1,Makeni,Mar,2015,9
2015-03-05T00:00:00Z,27,NA,NA,6700,2100,8800,28,31,59,15,NA,NA,25,NA,NA,NA,NA,NA,NA,NA,NA,NA,NA,NA,NA,NA,NA,NA,NA,2,Makeni,Mar,2015,10
2015-03-06T00:00:00Z,26,NA,NA,6500,3250,9750,26,24,50,37,NA,NA,22,NA,NA,NA,NA,NA,NA,NA,NA,NA,NA,NA,NA,NA,NA,NA,NA,0,Makeni,Mar,2015,10
2015-03-07T00:00:00Z,30,NA,NA,7500,2150,9650,33,29,62,41,NA,NA,37,NA,NA,NA,NA,NA,NA,NA,NA,NA,NA,NA,NA,NA,NA,NA,NA,2,Makeni,Mar,2015,10
2015-03-08T00:00:00Z,29,NA,NA,6800,2400,9200,29,26,55,9,NA,NA,32,NA,NA,NA,NA,NA,NA,NA,NA,NA,NA,NA,NA,NA,NA,NA,NA,2,Makeni,Mar,2015,10
2015-03-09T00:00:00Z,28,NA,NA,4600,3050,7650,27,31,58,27,NA,NA,29,NA,NA,NA,NA,NA,NA,NA,NA,NA,NA,NA,NA,NA,NA,NA,NA,1,Makeni,Mar,2015,10
2015-03-10T00:00:00Z,32,NA,NA,3900,2300,6200,30,30,60,37,NA,NA,37,NA,NA,NA,NA,NA,NA,NA,NA,NA,NA,NA,NA,NA,NA,NA,NA,0,Makeni,Mar,2015,10
2015-03-11T00:00:00Z,37,NA,NA,5600,1600,7200,36,48,84,7,NA,NA,21,NA,NA,NA,NA,NA,NA,NA,NA,NA,NA,NA,NA,NA,NA,NA,NA,2,Makeni,Mar,2015,10
2015-03-12T00:00:00Z,31,NA,NA,6200,2500,8700,33,35,68,33,NA,NA,38,NA,NA,NA,NA,NA,NA,NA,NA,NA,NA,NA,NA,NA,NA,NA,NA,0,Makeni,Mar,2015,11
2015-03-13T00:00:00Z,32,NA,NA,8300,2550,10850,47,47,94,22,NA,NA,28,NA,NA,NA,NA,NA,NA,NA,NA,NA,NA,NA,NA,NA,NA,NA,NA,0,Makeni,Mar,2015,11
2015-03-14T00:00:00Z,20,NA,NA,5000,2000,7000,27,27,54,30,NA,NA,58,NA,NA,NA,NA,NA,NA,NA,NA,NA,NA,NA,NA,NA,NA,NA,NA,2,Makeni,Mar,2015,11
2015-03-15T00:00:00Z,25,NA,NA,4900,2400,7300,30,32,62,74,NA,NA,12,NA,NA,NA,NA,NA,NA,NA,NA,NA,NA,NA,NA,NA,NA,NA,NA,2,Makeni,Mar,2015,11
2015-03-16T00:00:00Z,15,NA,NA,6000,1500,7500,23,37,60,NA,NA,NA,NA,NA,NA,NA,NA,NA,NA,NA,NA,NA,NA,NA,NA,NA,NA,NA,NA,0,Makeni,Mar,2015,11
2015-03-17T00:00:00Z,20,NA,NA,4800,2500,7300,28,37,65,6,NA,NA,17,NA,NA,NA,NA,NA,NA,NA,NA,NA,NA,NA,NA,NA,NA,NA,NA,6,Makeni,Mar,2015,11
2015-03-18T00:00:00Z,17,NA,NA,6000,2200,8200,18,28,46,53,NA,NA,28,NA,NA,NA,NA,NA,NA,NA,NA,NA,NA,NA,NA,NA,NA,NA,NA,0,Makeni,Mar,2015,11
2015-03-19T00:00:00Z,16,NA,NA,5000,1975,6975,20,36,56,21,NA,NA,20,NA,NA,NA,NA,NA,NA,NA,NA,NA,NA,NA,NA,NA,NA,NA,NA,0,Makeni,Mar,2015,12
2015-03-20T00:00:00Z,11,NA,NA,4310,1100,5410,20,28,48,0,NA,NA,17,NA,NA,NA,NA,NA,NA,NA,NA,NA,NA,NA,NA,NA,NA,NA,NA,4,Makeni,Mar,2015,12
2015-03-21T00:00:00Z,11,NA,NA,5900,1800,7700,18,26,44,24,NA,NA,12,NA,NA,NA,NA,NA,NA,NA,NA,NA,NA,NA,NA,NA,NA,NA,NA,3,Makeni,Mar,2015,12
2015-03-22T00:00:00Z,13,NA,NA,4600,2300,6900,16,29,45,0,NA,NA,5,NA,NA,NA,NA,NA,NA,NA,NA,NA,NA,NA,NA,NA,NA,NA,NA,0,Makeni,Mar,2015,12
2015-03-23T00:00:00Z,13,NA,NA,5800,2100,7900,24,37,61,26,NA,NA,20,NA,NA,NA,NA,NA,NA,NA,NA,NA,NA,NA,NA,NA,NA,NA,NA,0,Makeni,Mar,2015,12
2015-03-24T00:00:00Z,12,NA,NA,4650,2700,7350,17,28,45,69,NA,NA,15,NA,NA,NA,NA,NA,NA,NA,NA,NA,NA,NA,NA,NA,NA,NA,NA,0,Makeni,Mar,2015,12
2015-03-25T00:00:00Z,7,NA,NA,5050,2300,7350,24,34,58,3,NA,NA,18,NA,NA,NA,NA,NA,NA,NA,NA,NA,NA,NA,NA,NA,NA,NA,NA,0,Makeni,Mar,2015,12
2015-03-26T00:00:00Z,16,NA,NA,5800,2950,8750,26,41,67,0,NA,NA,15,NA,NA,NA,NA,NA,NA,NA,NA,NA,NA,NA,NA,NA,NA,NA,NA,4,Makeni,Mar,2015,13
2015-03-27T00:00:00Z,17,NA,NA,5000,1950,6950,20,33,53,38,NA,NA,11,NA,NA,NA,NA,NA,NA,NA,NA,NA,NA,NA,NA,NA,NA,NA,NA,4,Makeni,Mar,2015,13
2015-03-28T00:00:00Z,22,NA,NA,6000,1900,7900,28,44,72,16,NA,NA,4,NA,NA,NA,NA,NA,NA,NA,NA,NA,NA,NA,NA,NA,NA,NA,NA,0,Makeni,Mar,2015,13
2015-03-29T00:00:00Z,17,NA,NA,6900,2100,9000,21,34,55,13,NA,NA,15,NA,NA,NA,NA,NA,NA,NA,NA,NA,NA,NA,NA,NA,NA,NA,NA,7,Makeni,Mar,2015,13
2015-03-30T00:00:00Z,20,NA,NA,6550,2700,9250,22,37,59,6,NA,NA,15,NA,NA,NA,NA,NA,NA,NA,NA,NA,NA,NA,NA,NA,NA,NA,NA,2,Makeni,Mar,2015,13
2015-03-31T00:00:00Z,10,NA,NA,5000,2800,7800,22,47,69,0,NA,NA,11,NA,NA,NA,NA,NA,NA,NA,NA,NA,NA,NA,NA,NA,NA,NA,NA,3,Makeni,Mar,2015,13
2015-04-01T00:00:00Z,9,NA,NA,6000,2200,8200,17,27,44,18,NA,NA,19,NA,NA,NA,NA,NA,NA,NA,NA,NA,NA,NA,NA,NA,NA,NA,NA,0,Makeni,Apr,2015,13
2015-04-02T00:00:00Z,7,NA,NA,5500,2500,8000,13,33,46,6,NA,NA,14,NA,NA,NA,NA,NA,NA,NA,NA,NA,NA,NA,NA,NA,NA,NA,NA,2,Makeni,Apr,2015,14
2015-04-03T00:00:00Z,7,NA,NA,NA,NA,NA,18,28,46,0,NA,NA,7,NA,NA,NA,NA,NA,NA,NA,NA,NA,NA,NA,NA,NA,NA,NA,NA,1,Makeni,Apr,2015,14
2015-04-04T00:00:00Z,6,NA,NA,4000,1500,5500,16,20,36,4,NA,NA,5,NA,NA,NA,NA,NA,NA,NA,NA,NA,NA,NA,NA,NA,NA,NA,NA,0,Makeni,Apr,2015,14
2015-04-05T00:00:00Z,7,NA,NA,3200,1700,4900,16,22,38,6,NA,NA,4,NA,NA,NA,NA,NA,NA,NA,NA,NA,NA,NA,NA,NA,NA,NA,NA,4,Makeni,Apr,2015,14
2015-04-06T00:00:00Z,6,NA,NA,6000,3200,9200,16,28,44,0,NA,NA,12,NA,NA,NA,NA,NA,NA,NA,NA,NA,NA,NA,NA,NA,NA,NA,NA,1,Makeni,Apr,2015,14
2015-04-07T00:00:00Z,7,NA,NA,5500,2700,8200,14,28,42,5,NA,NA,9,NA,NA,NA,NA,NA,NA,NA,NA,NA,NA,NA,NA,NA,NA,NA,NA,1,Makeni,Apr,2015,14
2015-04-08T00:00:00Z,4,NA,NA,4100,2000,6100,16,26,42,5,NA,NA,15,NA,NA,NA,NA,NA,NA,NA,NA,NA,NA,NA,NA,NA,NA,NA,NA,0,Makeni,Apr,2015,14
2015-04-09T00:00:00Z,3,NA,NA,4000,1200,5200,12,26,38,7,NA,NA,8,NA,NA,NA,NA,NA,NA,NA,NA,NA,NA,NA,NA,NA,NA,NA,NA,2,Makeni,Apr,2015,15
2015-04-10T00:00:00Z,3,NA,NA,4400,2400,6800,13,27,40,7,NA,NA,21,NA,NA,NA,NA,NA,NA,NA,NA,NA,NA,NA,NA,NA,NA,NA,NA,0,Makeni,Apr,2015,15
2015-04-11T00:00:00Z,5,NA,NA,5200,1900,7100,14,29,43,7,NA,NA,3,NA,NA,NA,NA,NA,NA,NA,NA,NA,NA,NA,NA,NA,NA,NA,NA,1,Makeni,Apr,2015,15
2015-04-12T00:00:00Z,6,NA,NA,3300,1800,5100,13,29,42,2,NA,NA,4,NA,NA,NA,NA,NA,NA,NA,NA,NA,NA,NA,NA,NA,NA,NA,NA,0,Makeni,Apr,2015,15
2015-04-13T00:00:00Z,6,NA,NA,2100,1400,3500,12,28,40,3,NA,NA,9,NA,NA,NA,NA,NA,NA,NA,NA,NA,NA,NA,NA,NA,NA,NA,NA,1,Makeni,Apr,2015,15
2015-04-14T00:00:00Z,7,NA,NA,5000,2300,7300,16,23,39,8,NA,NA,0,NA,NA,NA,NA,NA,NA,NA,NA,NA,NA,NA,NA,NA,NA,NA,NA,0,Makeni,Apr,2015,15
2015-04-15T00:00:00Z,9,NA,NA,5700,2000,7700,14,18,32,4,NA,NA,19,NA,NA,NA,NA,NA,NA,NA,NA,NA,NA,NA,NA,NA,NA,NA,NA,0,Makeni,Apr,2015,15
2015-04-16T00:00:00Z,11,NA,NA,3900,1200,5100,16,20,36,6,NA,NA,16,NA,NA,NA,NA,NA,NA,NA,NA,NA,NA,NA,NA,NA,NA,NA,NA,0,Makeni,Apr,2015,16
2015-04-17T00:00:00Z,13,NA,NA,3900,1300,5200,18,22,40,1,NA,NA,20,NA,NA,NA,NA,NA,NA,NA,NA,NA,NA,NA,NA,NA,NA,NA,NA,0,Makeni,Apr,2015,16
2015-04-18T00:00:00Z,13,NA,NA,3500,2600,6100,18,25,43,5,NA,NA,20,NA,NA,NA,NA,NA,NA,NA,NA,NA,NA,NA,NA,NA,NA,NA,NA,0,Makeni,Apr,2015,16
2015-04-19T00:00:00Z,9,NA,NA,5000,2000,7000,10,24,34,12,NA,NA,15,NA,NA,NA,NA,NA,NA,NA,NA,NA,NA,NA,NA,NA,NA,NA,NA,0,Makeni,Apr,2015,16
2015-04-20T00:00:00Z,9,NA,NA,3200,1600,4800,14,20,34,3,NA,NA,2,NA,NA,NA,NA,NA,NA,NA,NA,NA,NA,NA,NA,NA,NA,NA,NA,1,Makeni,Apr,2015,16
2015-04-21T00:00:00Z,3,NA,NA,4200,1450,5650,12,20,32,0,NA,NA,6,NA,NA,NA,NA,NA,NA,NA,NA,NA,NA,NA,NA,NA,NA,NA,NA,0,Makeni,Apr,2015,16
2015-04-22T00:00:00Z,3,NA,NA,3900,1550,5450,8,23,31,2,NA,NA,7,NA,NA,NA,NA,NA,NA,NA,NA,NA,NA,NA,NA,NA,NA,NA,NA,1,Makeni,Apr,2015,16
2015-04-16T00:00:00Z,2,2,4800,1950,940,7690,11,16,27,0,3,3,5,24,2,83,19,118,72,46,NA,0,2,6,17,2,27,27,27,NA,Kambia,Apr,2015,16
2015-04-17T00:00:00Z,2,1,5900,2370,1259,9529,16,18,34,5,6,6,0,24,3,134,94,164,72,59,9,0,3,7,20,4,34,34,34,NA,Kambia,Apr,2015,16
2015-04-18T00:00:00Z,4,2,4900,2800,1360,9060,17,26,43,10,11,11,14,24,3,117,63,122,61,45,6,0,5,10,26,0,41,43,43,NA,Kambia,Apr,2015,16
2015-04-19T00:00:00Z,6,2,7900,2600,1430,11930,19,22,41,9,11,11,12,24,3,112,84,105,60,84,0,0,2,17,20,0,39,41,41,NA,Kambia,Apr,2015,16
2015-04-20T00:00:00Z,6,1,7000,2940,1650,11590,27,30,57,7,8,8,22,24,3,99,96,112,64,66,0,0,5,28,21,3,57,57,57,NA,Kambia,Apr,2015,16
2015-04-21T00:00:00Z,7,1,8950,2240,1170,12360,14,21,35,22,17,17,18,24,3,120,84,157,66,40,0,0,0,13,20,2,35,35,35,NA,Kambia,Apr,2015,16
2015-04-22T00:00:00Z,5,3,9000,2470,955,12425,15,25,40,14,16,16,16,25,3,104,52,112,47,41,0,2,8,10,9,11,40,40,40,NA,Kambia,Apr,2015,16
2015-04-23T00:00:00Z,6,2,8000,2780,1690,12470,20,28,48,17,15,15,14,24,3,104,40,151,62,15,0,0,8,15,10,15,48,48,48,NA,Kambia,Apr,2015,17
2015-04-24T00:00:00Z,6,1,9000,2860,1890,13750,11,15,26,12,11,11,18,24,3,94,39,107,37,35,0,0,0,0,0,0,0,26,26,NA,Kambia,Apr,2015,17
2015-04-25T00:00:00Z,5,1,7500,2710,1560,11770,20,21,41,13,13,13,13,24,3,156,51,157,51,48,0,3,8,10,8,12,41,41,41,NA,Kambia,Apr,2015,17
2015-04-26T00:00:00Z,4,0,9000,2080,1740,12820,9,20,29,15,11,11,8,24,3,105,40,113,100,60,0,2,5,8,7,7,29,29,29,NA,Kambia,Apr,2015,17
2015-04-27T00:00:00Z,3,0,7000,2770,1620,11390,NA,NA,36,13,15,10,17,14,3,197,94,236,132,74,3,3,7,4,8,11,36,36,36,NA,Kambia,Apr,2015,17
2015-04-28T00:00:00Z,3,2,4200,1920,1800,7920,13,19,32,13,17,17,6,24,3,234,71,212,85,77,0,0,8,7,13,4,32,32,32,NA,Kambia,Apr,2015,17
2015-04-29T00:00:00Z,3,2,8000,2470,1620,12090,9,21,30,15,18,18,8,24,3,161,88,216,74,55,0,0,2,9,18,7,36,32,32,NA,Kambia,Apr,2015,17
2015-04-30T00:00:00Z,3,0,7500,2280,2030,11810,NA,NA,NA,13,16,3,11,NA,NA,NA,NA,NA,NA,NA,NA,NA,NA,NA,NA,NA,0,NA,NA,NA,Kambia,Apr,2015,18
2015-05-01T00:00:00Z,2,3,7500,2420,1690,11610,13,22,35,14,14,2,NA,24,3,211,72,265,75,74,2,0,6,8,10,11,35,35,35,NA,Kambia,May,2015,18
2015-05-02T00:00:00Z,1,0,13100,2340,2300,17740,13,15,28,10,16,3,3,24,3,209,76,221,95,53,3,0,7,8,9,4,28,NA,NA,NA,Kambia,May,2015,18
2015-05-03T00:00:00Z,2,1,11000,2810,1940,15750,13,21,34,18,17,2,8,15,2,191,74,153,63,48,0,NA,NA,NA,NA,NA,0,NA,NA,NA,Kambia,May,2015,18
2015-05-04T00:00:00Z,3,1,11000,2970,2020,15990,12,17,29,14,26,3,12,23,3,185,65,215,81,55,0,NA,NA,NA,NA,NA,0,NA,NA,NA,Kambia,May,2015,18
2015-05-05T00:00:00Z,2,1,6000,1700,1920,9620,12,16,28,20,17,2,9,25,0,180,110,184,72,68,2,NA,NA,NA,NA,NA,0,NA,NA,NA,Kambia,May,2015,18
2015-05-06T00:00:00Z,2,0,7700,2300,1760,11760,10,27,37,20,19,3,8,19,2,193,74,226,72,53,3,NA,NA,NA,NA,NA,0,NA,NA,NA,Kambia,May,2015,18
2015-05-07T00:00:00Z,1,2,9500,1720,2020,13240,12,29,41,26,20,2,2,20,2,179,80,246,87,53,0,NA,NA,NA,NA,NA,0,NA,NA,NA,Kambia,May,2015,19
2015-05-08T00:00:00Z,NA,0,9000,2810,1190,13000,6,14,20,21,23,23,3,24,3,142,67,202,36,41,0,0,3,8,6,3,20,NA,20,NA,Kambia,May,2015,19
2015-05-09T00:00:00Z,NA,1,8500,1560,1740,11800,8,21,29,20,22,22,4,24,3,135,59,215,49,51,0,0,2,8,13,6,29,NA,29,NA,Kambia,May,2015,19
2015-05-10T00:00:00Z,2,1,9500,2180,1900,13580,15,20,35,20,22,22,6,24,3,163,60,183,61,50,0,0,6,12,12,5,35,NA,35,NA,Kambia,May,2015,19
2015-05-11T00:00:00Z,2,1,11920,3950,2350,18220,10,29,39,18,29,29,16,24,3,213,70,213,67,43,NA,0,10,7,17,6,40,NA,40,NA,Kambia,May,2015,19
2015-05-12T00:00:00Z,4,3,13632,3370,1820,18822,14,27,41,17,30,30,15,24,3,217,78,217,77,52,0,3,6,13,9,12,43,NA,43,NA,Kambia,May,2015,19
2015-05-13T00:00:00Z,5,2,12500,2080,1440,16020,16,19,35,21,25,25,7,24,3,187,68,249,84,38,0,0,6,9,11,9,35,NA,35,NA,Kambia,May,2015,19
2015-05-14T00:00:00Z,4,3,11500,2160,2400,16060,17,23,40,17,21,21,6,24,3,123,68,195,65,52,0,0,5,10,18,19,52,NA,NA,NA,Kambia,May,2015,20
2015-05-15T00:00:00Z,5,3,10600,2180,1540,14320,18,19,37,13,21,3,6,15,2,162,38,95,43,33,NA,NA,NA,NA,NA,NA,0,NA,NA,NA,Kambia,May,2015,20
2015-05-16T00:00:00Z,5,0,12000,2410,2270,16680,16,10,26,18,23,2,3,12,2,166,62,194,86,71,NA,NA,NA,NA,NA,NA,0,NA,NA,NA,Kambia,May,2015,20
2015-05-17T00:00:00Z,4,0,9800,1860,2780,14440,10,19,29,20,18,3,7,18,0,182,66,203,63,68,NA,NA,NA,NA,NA,NA,0,NA,NA,NA,Kambia,May,2015,20
2015-05-18T00:00:00Z,6,2,13600,2220,1970,17790,15,21,36,26,23,2,9,14,0,214,77,222,86,86,NA,NA,NA,NA,NA,NA,0,NA,NA,NA,Kambia,May,2015,20
2015-05-19T00:00:00Z,4,1,14600,3570,1850,20020,15,19,34,17,23,3,16,17,3,213,67,233,58,43,NA,NA,NA,NA,NA,NA,0,NA,NA,NA,Kambia,May,2015,20
2015-05-20T00:00:00Z,5,3,10300,3470,1860,15630,19,25,44,19,28,3,8,20,1,186,86,200,71,52,NA,NA,NA,NA,NA,NA,0,NA,NA,NA,Kambia,May,2015,20
2015-05-21T00:00:00Z,2,1,13600,3170,2060,18830,14,20,34,16,25,2,11,13,3,181,68,236,64,57,NA,NA,NA,NA,NA,NA,0,NA,NA,NA,Kambia,May,2015,21
2015-05-22T00:00:00Z,2,0,12800,2410,1970,17180,9,20,29,21,28,2,3,15,1,186,85,252,65,80,1,0,4,7,11,8,30,29,29,NA,Kambia,May,2015,21
2015-05-23T00:00:00Z,2,0,12500,2760,2120,17380,2,17,19,18,26,3,4,13,1,176,54,315,49,36,2,0,1,4,9,7,21,19,19,NA,Kambia,May,2015,21
2015-05-24T00:00:00Z,1,0,12500,1660,1740,15900,4,10,14,17,30,1,2,15,0,213,48,236,45,36,0,0,0,4,4,6,14,14,14,NA,Kambia,May,2015,21
2015-05-25T00:00:00Z,1,1,9000,2620,2100,13720,4,11,15,13,24,2,1,16,0,135,52,227,56,32,0,0,3,5,4,3,15,15,15,NA,Kambia,May,2015,21
2015-05-26T00:00:00Z,2,0,10000,1960,1520,13480,10,15,25,15,25,2,2,15,1,200,64,328,64,49,2,0,4,7,6,8,25,25,25,NA,Kambia,May,2015,21
2015-05-27T00:00:00Z,3,2,10500,2850,1990,15340,10,19,29,6,11,3,1,14,2,209,60,248,43,38,3,0,4,7,12,6,29,29,29,NA,Kambia,May,2015,21
2015-05-28T00:00:00Z,3,1,12600,2870,1970,17440,13,15,28,24,34,2,3,15,1,158,62,242,67,50,0,0,5,4,5,14,28,28,28,NA,Kambia,May,2015,22
2015-05-29T00:00:00Z,4,0,11000,2840,1480,15320,17,11,34,11,19,1,2,13,2,158,62,242,67,50,NA,0,6,7,11,10,34,28,28,NA,Kambia,May,2015,22
2015-05-30T00:00:00Z,4,2,11500,2880,1600,15980,12,13,33,13,8,1,1,12,1,165,65,274,73,43,0,1,3,4,3,23,34,25,25,NA,Kambia,May,2015,22
2015-05-31T00:00:00Z,4,1,12500,2720,2300,17520,13,13,32,19,39,2,0,10,2,145,46,197,45,47,NA,2,0,9,14,9,34,26,26,NA,Kambia,May,2015,22
2015-06-01T00:00:00Z,5,2,12500,3100,2433,18033,18,17,35,24,38,38,6,21,3,226,67,261,60,55,0,4,0,4,17,10,35,35,35,NA,Kambia,Jun,2015,22
2015-06-02T00:00:00Z,6,3,11500,2970,1860,16330,15,19,34,26,32,32,2,19,3,176,62,220,55,50,0,5,2,6,13,10,36,34,34,NA,Kambia,Jun,2015,22
2015-06-03T00:00:00Z,6,1,11500,2160,2220,15880,14,17,31,29,38,38,7,22,3,185,131,228,73,10,0,2,5,3,5,6,21,31,31,NA,Kambia,Jun,2015,22
2015-06-04T00:00:00Z,4,4,12000,2880,2300,17180,18,21,39,19,21,21,2,19,3,211,97,351,54,66,0,0,8,6,12,13,39,38,38,NA,Kambia,Jun,2015,23
2015-06-05T00:00:00Z,7,0,1100,2400,2970,6470,16,13,29,25,26,26,NA,28,3,199,94,327,48,71,1,1,2,7,10,9,29,58,29,NA,Kambia,Jun,2015,23
2015-06-06T00:00:00Z,16,4,10500,4020,2150,16670,15,17,32,24,25,25,23,28,3,175,41,228,59,41,0,0,4,5,11,12,32,64,32,NA,Kambia,Jun,2015,23
2015-06-07T00:00:00Z,15,1,13000,2850,2550,18400,16,15,31,23,23,23,16,28,3,145,54,238,42,35,0,0,5,5,8,13,31,62,31,NA,Kambia,Jun,2015,23
2015-06-08T00:00:00Z,14,1,11500,3310,1770,16580,15,15,30,22,26,26,8,30,3,151,56,236,55,37,2,0,0,1,16,14,31,62,31,NA,Kambia,Jun,2015,23
2015-06-09T00:00:00Z,10,2,11000,2880,2170,16050,14,16,30,23,31,31,8,30,3,194,55,250,79,46,1,0,1,0,15,14,30,60,30,NA,Kambia,Jun,2015,23
2015-06-10T00:00:00Z,9,2,11500,3380,2020,16900,8,14,22,25,26,26,9,22,3,150,56,257,50,52,2,1,2,1,9,7,20,20,NA,NA,Kambia,Jun,2015,23
2015-06-11T00:00:00Z,10,0,11500,3420,2140,17060,11,15,26,16,18,18,10,26,3,169,63,312,63,57,2,0,2,2,12,10,26,52,26,NA,Kambia,Jun,2015,24
2015-06-12T00:00:00Z,13,3,12500,3340,1640,17480,14,18,32,17,26,26,17,22,3,172,79,270,51,63,3,12,3,3,9,14,32,32,32,NA,Kambia,Jun,2015,24
2015-06-13T00:00:00Z,14,2,12500,2020,1430,15950,16,17,33,27,26,26,11,22,3,230,55,351,55,44,1,12,1,4,12,16,32,32,32,NA,Kambia,Jun,2015,24
2015-06-14T00:00:00Z,12,2,12500,4670,1780,18950,19,21,40,30,24,24,12,22,3,164,69,243,55,41,3,12,1,7,12,20,33,33,33,NA,Kambia,Jun,2015,24
2015-06-15T00:00:00Z,14,0,11500,3650,1550,16700,14,15,29,18,22,22,8,22,3,170,67,219,72,44,0,12,2,3,15,9,40,40,40,NA,Kambia,Jun,2015,24
2015-06-16T00:00:00Z,13,4,11000,3040,1690,15730,14,22,36,25,26,26,9,22,3,180,106,283,95,60,2,12,0,0,14,22,29,29,29,NA,Kambia,Jun,2015,24
2015-06-17T00:00:00Z,12,2,11000,3490,2450,16940,16,24,40,25,26,26,11,22,3,275,113,287,106,44,4,12,0,4,15,21,36,36,36,NA,Kambia,Jun,2015,24
2015-06-18T00:00:00Z,14,3,12000,2820,2400,17220,18,28,46,25,24,34,9,46,3,229,87,360,83,57,2,0,4,4,22,16,40,40,40,NA,Kambia,Jun,2015,25
2015-06-19T00:00:00Z,12,1,12500,3350,1680,17530,16,20,36,20,22,2,5,15,1,232,73,288,81,52,3,2,2,5,12,15,36,36,36,NA,Kambia,Jun,2015,25
2015-06-20T00:00:00Z,8,0,13300,3240,2170,18710,11,18,29,20,30,0,6,13,0,189,93,260,96,60,2,0,1,1,7,20,29,29,29,NA,Kambia,Jun,2015,25
2015-06-21T00:00:00Z,6,3,13100,2490,1750,17340,16,22,38,16,23,1,7,15,1,192,94,229,71,55,3,0,1,4,14,19,38,38,38,NA,Kambia,Jun,2015,25
2015-06-22T00:00:00Z,4,1,12500,1920,1520,15940,14,19,33,16,28,3,3,16,1,190,74,298,66,41,2,1,0,6,14,12,33,33,33,NA,Kambia,Jun,2015,25
2015-06-23T00:00:00Z,4,0,13200,2560,1750,17510,10,13,23,22,26,2,2,15,2,145,80,212,91,50,2,1,1,4,9,10,25,25,25,NA,Kambia,Jun,2015,25
2015-06-24T00:00:00Z,4,1,13000,2140,1800,16940,10,13,23,18,37,3,8,14,1,178,95,225,56,53,3,0,2,3,7,11,23,23,23,NA,Kambia,Jun,2015,25
2015-06-25T00:00:00Z,3,1,13100,2340,1550,16990,10,12,22,14,19,2,6,15,0,197,96,214,63,50,2,0,2,3,10,7,22,22,22,NA,Kambia,Jun,2015,26
2015-06-26T00:00:00Z,4,3,13000,3100,1920,18020,14,16,30,26,22,2,2,31,1,173,83,254,68,50,2,1,4,4,11,11,31,31,31,NA,Kambia,Jun,2015,26
2015-06-27T00:00:00Z,8,1,14300,2680,1610,18590,20,13,33,16,21,1,2,33,0,219,81,247,71,64,1,0,2,3,16,12,33,33,33,NA,Kambia,Jun,2015,26
2015-06-28T00:00:00Z,8,2,13500,2800,2280,18580,18,14,32,17,23,1,3,32,1,148,96,209,61,55,2,0,4,3,9,17,33,33,33,NA,Kambia,Jun,2015,26
2015-06-29T00:00:00Z,10,2,14600,3090,2340,20030,12,15,27,18,25,2,3,27,1,157,80,252,82,50,0,0,1,2,8,16,27,27,27,NA,Kambia,Jun,2015,26
2015-06-30T00:00:00Z,10,4,14200,3640,2270,20110,28,27,55,21,34,1,4,55,1,215,108,284,83,67,3,0,5,2,22,26,55,55,55,NA,Kambia,Jun,2015,26
2015-07-01T00:00:00Z,9,2,12700,3360,2810,18870,20,20,40,27,26,2,3,40,0,169,71,237,72,51,2,0,5,0,15,20,40,40,40,NA,Kambia,Jul,2015,26
2015-07-02T00:00:00Z,11,3,13400,3270,2190,18860,22,24,46,25,27,3,4,46,1,163,69,289,57,41,2,0,2,4,22,18,46,46,46,NA,Kambia,Jul,2015,27
2015-07-03T00:00:00Z,9,4,13500,3580,2020,19100,17,35,52,29,23,0,3,14,0,167,61,260,61,52,2,0,2,7,19,24,52,52,52,NA,Kambia,Jul,2015,27
2015-07-04T00:00:00Z,8,2,10800,2680,2120,15600,23,25,48,22,21,3,7,16,1,186,72,356,71,60,2,0,5,5,13,25,48,48,48,NA,Kambia,Jul,2015,27
2015-07-05T00:00:00Z,5,2,16100,2860,1920,20880,12,19,31,20,24,2,7,18,0,142,68,159,68,52,0,0,1,2,10,18,31,31,31,NA,Kambia,Jul,2015,27
2015-07-06T00:00:00Z,4,1,14100,1920,2210,18230,11,11,22,13,21,2,6,17,2,194,78,268,61,64,2,0,0,2,7,13,22,22,22,NA,Kambia,Jul,2015,27
2015-07-07T00:00:00Z,3,2,12300,2780,2120,17200,14,11,25,19,21,3,5,16,2,143,64,274,64,55,1,0,1,4,8,12,25,25,25,NA,Kambia,Jul,2015,27
2015-07-08T00:00:00Z,6,3,12800,3360,2190,18350,26,13,39,19,26,2,5,18,0,183,77,257,72,52,2,0,1,6,10,22,39,39,39,NA,Kambia,Jul,2015,27
2015-07-09T00:00:00Z,7,3,16300,2660,2220,21180,19,15,34,20,27,3,3,15,1,154,102,292,69,54,1,0,1,5,10,18,34,34,34,NA,Kambia,Jul,2015,28
2015-07-10T00:00:00Z,5,2,16700,1680,3000,21380,16,30,31,20,26,3,3,16,1,161,73,268,67,52,2,0,0,2,10,19,31,31,31,NA,Kambia,Jul,2015,28
2015-07-11T00:00:00Z,7,4,13000,2960,2500,18460,30,17,47,18,25,2,9,17,2,177,86,317,65,58,2,0,2,2,11,32,47,47,47,NA,Kambia,Jul,2015,28
2015-07-12T00:00:00Z,9,1,13000,2420,1820,17240,12,14,26,21,24,2,2,17,2,191,66,275,66,45,3,0,2,3,5,16,26,26,26,NA,Kambia,Jul,2015,28
2015-07-13T00:00:00Z,6,0,12100,2640,2480,17220,14,13,27,25,24,3,5,18,2,164,64,260,72,53,7,0,2,4,10,11,27,27,27,NA,Kambia,Jul,2015,28
2015-07-14T00:00:00Z,7,0,14200,3000,2460,19660,21,13,34,13,22,2,5,14,1,158,66,259,59,47,2,0,2,3,5,24,34,34,34,NA,Kambia,Jul,2015,28
2015-07-15T00:00:00Z,3,1,16500,2450,2450,21400,14,10,24,16,27,3,7,16,0,147,60,255,59,44,0,0,1,2,9,12,24,24,24,NA,Kambia,Jul,2015,28
2015-07-16T00:00:00Z,3,0,14800,2690,2250,19740,10,14,24,16,27,NA,NA,17,2,161,79,310,17,51,0,0,0,3,9,12,24,24,24,NA,Kambia,Jul,2015,29
2015-07-17T00:00:00Z,2,0,14150,2320,2080,18550,6,14,20,13,22,3,2,16,2,152,68,277,60,41,2,0,0,2,7,11,20,20,20,NA,Kambia,Jul,2015,29
2015-07-18T00:00:00Z,NA,1,13100,1520,1980,16600,2,8,10,8,24,2,2,15,0,137,58,177,49,33,3,0,1,1,2,6,10,10,10,NA,Kambia,Jul,2015,29
2015-07-19T00:00:00Z,2,3,15000,2730,1560,19290,12,14,26,14,26,3,3,17,4,151,82,235,56,42,2,0,0,3,13,10,26,26,26,NA,Kambia,Jul,2015,29
2015-07-20T00:00:00Z,3,1,16000,1720,1800,19520,10,12,22,9,21,2,3,18,2,156,55,221,61,44,3,0,1,4,7,10,22,22,22,NA,Kambia,Jul,2015,29
2015-07-21T00:00:00Z,3,0,10100,1620,1780,13500,6,6,12,11,21,3,3,19,2,129,70,221,54,44,2,0,2,2,3,5,12,12,12,NA,Kambia,Jul,2015,29
2015-07-22T00:00:00Z,4,1,14300,1940,2180,18420,8,9,17,17,10,3,4,18,3,158,65,226,69,41,3,0,1,3,7,6,17,17,17,NA,Kambia,Jul,2015,29
2015-07-23T00:00:00Z,2,1,16200,1970,2090,20260,15,12,27,13,21,3,3,14,1,175,74,240,83,47,2,0,2,4,4,17,27,27,27,NA,Kambia,Jul,2015,30
2015-07-24T00:00:00Z,2,0,14200,1630,1840,17670,8,6,14,10,24,2,3,16,3,102,83,188,64,26,2,0,1,2,5,6,14,14,14,NA,Kambia,Jul,2015,30
2015-07-25T00:00:00Z,2,0,9700,1720,2050,13470,8,6,14,17,23,3,4,10,1,120,54,218,60,31,3,0,0,2,4,8,14,14,14,NA,Kambia,Jul,2015,30
2015-07-26T00:00:00Z,2,1,11300,1640,1600,14540,12,12,24,15,19,2,4,16,2,154,87,217,56,44,2,0,1,3,7,13,24,24,24,NA,Kambia,Jul,2015,30
2015-07-27T00:00:00Z,NA,0,13700,1120,2120,16940,4,9,13,11,20,3,2,NA,NA,146,64,291,63,42,3,0,2,2,3,6,13,NA,NA,NA,Kambia,Jul,2015,30
2015-07-28T00:00:00Z,NA,0,9400,1100,1320,11820,0,2,2,2,17,3,0,NA,NA,136,38,180,47,10,2,0,0,0,1,1,2,NA,NA,NA,Kambia,Jul,2015,30
2015-07-29T00:00:00Z,NA,1,8800,2440,1840,13080,7,16,23,7,16,4,2,NA,NA,116,59,189,54,28,3,0,2,2,8,11,23,NA,NA,NA,Kambia,Jul,2015,30
2015-07-30T00:00:00Z,2,2,11300,2040,2490,15830,12,12,24,9,19,3,3,NA,NA,130,61,147,51,26,3,0,2,2,7,13,24,NA,NA,NA,Kambia,Jul,2015,31
2015-07-31T00:00:00Z,2,0,11200,1730,2130,15060,8,6,18,8,19,2,2,17,3,106,53,150,52,28,3,0,0,1,5,12,18,18,18,NA,Kambia,Jul,2015,31
2015-08-01T00:00:00Z,3,1,11300,1960,2000,15260,12,8,20,18,24,3,3,16,3,145,73,214,59,32,2,0,0,0,6,14,20,20,20,NA,Kambia,Aug,2015,31
2015-08-02T00:00:00Z,3,0,10600,1520,2100,14220,4,8,12,15,19,3,3,18,2,112,46,163,76,40,2,0,0,0,6,6,12,12,12,NA,Kambia,Aug,2015,31
2015-08-03T00:00:00Z,7,6,13300,2890,2090,18280,18,11,29,16,20,2,2,15,3,123,57,191,52,30,2,0,2,1,11,15,29,29,29,NA,Kambia,Aug,2015,31
2015-08-04T00:00:00Z,7,0,12600,1740,2220,16560,10,12,22,20,23,3,2,16,3,131,65,193,44,40,3,0,0,1,10,11,22,22,22,NA,Kambia,Aug,2015,31
2015-08-05T00:00:00Z,5,1,11020,2440,1940,15400,14,18,32,14,22,3,6,18,2,146,72,217,67,45,2,0,1,5,11,15,32,32,32,NA,Kambia,Aug,2015,31
2015-08-06T00:00:00Z,6,0,13300,1890,2450,17640,6,16,22,16,19,2,5,15,2,156,61,254,62,47,0,0,2,4,7,9,22,22,22,NA,Kambia,Aug,2015,32
2015-08-07T00:00:00Z,4,1,12100,2610,2400,17110,10,14,24,17,25,3,3,15,3,108,53,195,52,29,2,0,0,1,11,12,24,24,24,NA,Kambia,Aug,2015,32
2015-08-08T00:00:00Z,4,1,11300,1730,1920,14950,17,14,31,19,23,2,5,16,2,134,86,227,55,46,3,0,0,2,13,16,31,31,31,NA,Kambia,Aug,2015,32
2015-08-09T00:00:00Z,3,1,10300,1940,2020,14260,12,8,20,13,23,3,3,14,3,130,85,218,70,37,3,0,1,2,6,11,20,20,20,NA,Kambia,Aug,2015,32
2015-08-10T00:00:00Z,4,2,10300,1960,2170,14430,14,11,25,13,19,3,2,16,2,130,70,226,56,41,3,0,2,3,9,11,25,25,25,NA,Kambia,Aug,2015,32
2015-08-11T00:00:00Z,3,1,11300,1580,1790,14670,16,15,31,17,25,2,2,15,3,157,69,245,56,55,0,0,0,0,15,16,31,31,31,NA,Kambia,Aug,2015,32
2015-08-12T00:00:00Z,3,1,11800,2600,1800,16200,15,12,27,19,24,3,3,17,2,150,81,236,57,50,3,0,0,0,13,14,27,27,27,NA,Kambia,Aug,2015,32
2015-08-13T00:00:00Z,2,0,7430,2320,2210,11960,10,6,16,17,23,3,2,16,3,116,77,172,61,32,2,0,0,2,NA,7,9,16,16,NA,Kambia,Aug,2015,33
2015-08-14T00:00:00Z,2,1,10000,1830,1890,13720,13,10,23,12,20,2,2,15,2,134,81,192,66,49,3,0,0,3,10,10,23,23,23,NA,Kambia,Aug,2015,33
2015-08-15T00:00:00Z,1,0,11500,1300,2250,15050,8,9,17,10,17,3,3,17,3,120,48,198,55,22,2,0,0,2,6,9,17,17,17,NA,Kambia,Aug,2015,33
2015-08-16T00:00:00Z,1,0,9400,1240,1780,12420,8,11,19,11,15,2,2,16,3,125,48,172,43,25,3,0,0,3,5,11,19,19,19,NA,Kambia,Aug,2015,33
2015-08-17T00:00:00Z,2,2,10400,1520,1990,13910,9,12,21,24,21,3,2,14,2,142,71,219,66,26,3,NA,NA,1,8,12,21,21,21,NA,Kambia,Aug,2015,33
2015-08-18T00:00:00Z,2,NA,10300,1520,1990,13810,6,9,15,19,21,3,2,17,3,125,54,205,62,37,2,NA,NA,1,7,7,15,15,15,NA,Kambia,Aug,2015,33
2015-08-19T00:00:00Z,2,NA,10400,2020,2000,14420,10,14,24,16,24,2,NA,15,2,128,67,193,50,39,3,NA,NA,2,12,10,24,24,24,NA,Kambia,Aug,2015,33
2015-08-20T00:00:00Z,3,1,10600,1740,2040,14380,12,8,20,14,28,3,1,16,3,112,59,184,42,36,2,NA,NA,1,11,8,20,20,20,NA,Kambia,Aug,2015,34
2015-08-21T00:00:00Z,3,2,10200,1770,1760,13730,8,8,16,12,15,3,0,17,2,107,82,166,71,41,3,0,1,0,8,7,16,16,16,NA,Kambia,Aug,2015,34
2015-08-22T00:00:00Z,3,0,10100,1420,2080,13600,11,7,18,11,20,3,2,15,3,105,54,130,49,35,3,0,0,3,6,9,18,18,18,NA,Kambia,Aug,2015,34
2015-08-23T00:00:00Z,1,0,7050,1760,1070,9880,8,6,14,8,12,3,1,17,2,100,42,110,40,24,2,0,0,3,4,7,14,14,14,NA,Kambia,Aug,2015,34
2015-08-24T00:00:00Z,5,5,7600,2070,2000,11670,18,16,34,12,22,2,4,16,3,107,45,156,56,31,3,0,1,4,12,17,34,34,34,NA,Kambia,Aug,2015,34
2015-08-25T00:00:00Z,3,0,8500,1400,2370,12270,10,13,23,15,19,3,4,15,2,122,71,158,46,38,3,0,0,1,13,9,23,23,23,NA,Kambia,Aug,2015,34
2015-08-26T00:00:00Z,1,0,9800,2440,1750,13990,6,12,18,10,28,3,1,17,3,194,47,158,55,29,5,0,1,1,8,8,18,18,18,NA,Kambia,Aug,2015,34
2015-08-27T00:00:00Z,NA,0,8100,1840,2280,12220,2,14,16,7,22,3,1,16,2,111,58,153,56,30,6,0,0,1,4,11,16,16,16,NA,Kambia,Aug,2015,35
2015-08-28T00:00:00Z,2,2,11800,1440,2380,15620,8,14,22,12,25,3,NA,17,3,134,53,185,53,33,3,NA,NA,2,7,13,22,22,22,NA,Kambia,Aug,2015,35
2015-08-29T00:00:00Z,4,2,9300,1800,1630,12730,17,11,28,11,18,3,NA,16,2,148,59,182,44,39,2,NA,NA,NA,4,10,14,28,28,NA,Kambia,Aug,2015,35
2015-08-30T00:00:00Z,3,1,10100,1600,1870,13570,8,11,19,11,19,3,1,15,3,104,88,164,59,41,3,NA,NA,2,9,8,19,19,19,NA,Kambia,Aug,2015,35
2015-08-31T00:00:00Z,4,1,10000,1140,1840,12980,8,6,14,11,16,2,3,17,2,111,55,167,49,25,2,NA,NA,4,5,5,14,14,14,NA,Kambia,Aug,2015,35
2015-09-01T00:00:00Z,4,2,7800,1500,1800,11100,6,8,14,13,16,3,2,16,3,102,39,160,44,23,3,NA,1,4,3,6,14,14,14,NA,Kambia,Sep,2015,35
2015-09-02T00:00:00Z,4,1,8000,1220,1490,10710,12,6,18,15,23,2,2,15,2,92,51,144,45,25,2,NA,2,1,5,10,18,18,18,NA,Kambia,Sep,2015,35
2015-09-03T00:00:00Z,5,1,10400,1720,1790,13910,11,9,20,18,20,3,2,17,3,97,58,147,45,22,3,NA,NA,2,10,8,20,20,20,NA,Kambia,Sep,2015,36
2015-09-04T00:00:00Z,5,2,9700,1960,2080,13740,19,14,33,17,30,3,4,16,3,125,66,190,72,51,3,NA,1,5,10,17,33,33,33,NA,Kambia,Sep,2015,36
2015-09-05T00:00:00Z,3,NA,8300,1420,1800,11520,10,9,19,23,2,NA,NA,17,2,110,53,192,38,29,2,1,1,NA,3,14,19,19,19,NA,Kambia,Sep,2015,36
2015-09-06T00:00:00Z,6,4,9100,1520,1740,12360,7,12,19,13,19,3,NA,16,3,109,58,166,41,23,3,NA,NA,2,6,11,19,19,19,NA,Kambia,Sep,2015,36
2015-09-07T00:00:00Z,8,4,12600,2680,2340,17620,15,12,27,15,21,2,4,17,3,117,86,186,49,37,4,NA,1,5,10,11,27,27,27,NA,Kambia,Sep,2015,36
2015-09-08T00:00:00Z,9,1,13600,1900,2580,18080,24,10,34,24,22,3,1,16,2,130,94,225,64,64,3,NA,1,3,6,24,34,34,34,NA,Kambia,Sep,2015,36
2015-09-09T00:00:00Z,7,2,10300,2240,2600,15140,21,15,36,22,20,3,3,17,3,160,76,242,55,69,2,0,0,4,11,21,36,36,36,NA,Kambia,Sep,2015,36
2015-09-10T00:00:00Z,9,2,8300,2860,2170,13330,21,17,38,20,27,3,3,15,3,130,68,219,72,49,3,0,0,4,10,24,38,38,38,NA,Kambia,Sep,2015,37
2015-09-11T00:00:00Z,7,1,9000,2490,2780,14270,25,15,41,30,23,3,3,16,3,148,101,236,40,73,3,0,5,1,10,25,41,41,41,NA,Kambia,Sep,2015,37
2015-09-12T00:00:00Z,8,2,8800,1640,2350,12790,21,8,29,20,21,3,0,15,2,113,67,199,51,43,2,0,0,2,10,17,29,29,29,NA,Kambia,Sep,2015,37
2015-09-13T00:00:00Z,8,1,7400,2140,2400,11940,21,13,34,22,31,2,2,17,3,138,86,231,50,40,3,0,2,2,9,21,34,34,34,NA,Kambia,Sep,2015,37
2015-09-14T00:00:00Z,7,2,8500,1900,2400,12800,26,15,41,23,27,3,2,16,2,143,79,221,53,44,4,0,6,5,11,19,41,41,41,NA,Kambia,Sep,2015,37
2015-09-15T00:00:00Z,8,3,10300,2438,2310,15048,19,11,30,21,25,3,2,15,3,116,61,209,52,41,2,0,3,3,11,13,30,30,30,NA,Kambia,Sep,2015,37
2015-09-16T00:00:00Z,8,0,8500,2480,2300,13280,18,10,28,20,18,3,1,17,2,122,84,216,69,50,3,1,1,3,8,15,28,28,28,NA,Kambia,Sep,2015,37
2015-09-17T00:00:00Z,5,2,9300,2260,2020,13580,20,18,38,24,20,2,2,16,3,118,70,223,52,46,2,0,3,4,10,21,38,38,38,NA,Kambia,Sep,2015,38
2015-09-18T00:00:00Z,9,0,8400,1980,2540,12920,12,8,20,19,28,3,2,15,2,122,67,223,61,64,3,0,1,2,5,12,20,20,20,NA,Kambia,Sep,2015,38
2015-09-19T00:00:00Z,5,1,9800,2340,2500,14640,14,9,23,25,24,3,2,16,3,119,65,201,44,36,4,0,2,4,6,11,23,23,23,NA,Kambia,Sep,2015,38
2015-09-20T00:00:00Z,3,1,9300,1450,2100,12850,12,9,21,23,25,3,1,17,2,118,42,196,49,34,3,0,0,2,6,13,21,21,21,NA,Kambia,Sep,2015,38
2015-09-21T00:00:00Z,5,0,7800,1410,1820,11030,9,6,15,14,20,3,1,16,2,135,60,209,50,36,2,0,0,0,4,11,15,15,15,NA,Kambia,Sep,2015,38
2015-09-22T00:00:00Z,3,NA,9300,1720,2730,13750,4,13,17,13,25,3,NA,15,3,125,70,192,57,42,3,NA,NA,3,5,9,17,17,17,NA,Kambia,Sep,2015,38
2015-09-23T00:00:00Z,4,1,9100,1620,2370,13090,6,13,19,17,25,3,NA,14,2,111,58,200,46,33,2,NA,NA,2,6,11,19,19,19,NA,Kambia,Sep,2015,38
2015-09-24T00:00:00Z,4,1,10000,1770,2120,13890,8,10,18,14,15,3,1,16,3,137,67,214,63,25,3,NA,NA,4,5,9,18,18,18,NA,Kambia,Sep,2015,39
2015-09-25T00:00:00Z,2,0,10500,1840,2100,14440,4,10,14,19,21,3,1,17,2,126,53,231,46,37,5,0,0,2,4,8,14,14,14,NA,Kambia,Sep,2015,39
2015-09-26T00:00:00Z,2,0,9300,1540,2620,13460,6,8,14,18,24,3,0,15,2,123,67,217,45,24,2,0,0,0,7,7,14,14,14,NA,Kambia,Sep,2015,39
2015-09-27T00:00:00Z,1,1,7900,1000,2240,11140,4,7,11,7,18,3,2,16,3,110,52,182,48,25,2,0,0,0,6,5,11,11,11,NA,Kambia,Sep,2015,39
2015-09-28T00:00:00Z,2,1,7300,1400,1990,10690,6,6,12,8,17,4,0,17,2,125,48,209,39,27,0,0,1,1,4,6,12,12,12,NA,Kambia,Sep,2015,39
2015-09-29T00:00:00Z,2,0,8300,1840,1940,12080,4,7,11,13,19,3,2,15,2,107,41,168,37,29,2,0,0,2,1,8,11,11,11,NA,Kambia,Sep,2015,39
2015-09-30T00:00:00Z,2,0,9100,920,1490,11510,2,6,8,11,21,4,0,16,3,126,62,214,46,22,0,0,0,0,3,5,8,8,8,NA,Kambia,Sep,2015,39
2015-10-01T00:00:00Z,NA,1,8100,800,2040,10940,9,11,20,12,18,3,2,17,2,98,58,198,56,23,2,0,2,3,7,8,20,20,20,NA,Kambia,Oct,2015,40
2015-10-02T00:00:00Z,2,2,9600,1920,2040,13560,10,12,22,16,20,3,2,16,2,113,62,198,54,43,2,0,1,3,6,12,22,22,22,NA,Kambia,Oct,2015,40
2015-10-03T00:00:00Z,5,2,7500,1790,1540,10830,14,6,20,14,17,4,2,17,2,123,55,199,42,3,3,0,0,2,4,14,20,20,20,NA,Kambia,Oct,2015,40
2015-10-04T00:00:00Z,5,0,5300,1170,1970,8440,10,6,16,16,20,3,1,15,2,110,50,141,34,16,4,0,0,2,3,11,16,16,16,NA,Kambia,Oct,2015,40
2015-10-05T00:00:00Z,1,0,7800,2220,2170,12190,6,6,12,15,21,3,3,16,3,102,43,128,47,29,3,0,0,0,4,8,12,12,12,NA,Kambia,Oct,2015,40
2015-10-06T00:00:00Z,NA,0,8300,920,1660,10880,2,6,8,10,20,3,0,17,2,117,42,161,50,37,2,0,0,1,0,7,8,8,8,NA,Kambia,Oct,2015,40
2015-10-07T00:00:00Z,NA,0,6550,520,1320,8390,2,6,8,10,21,3,0,16,3,82,51,143,37,24,3,1,0,3,0,4,8,8,8,NA,Kambia,Oct,2015,40
2015-10-08T00:00:00Z,NA,1,8500,1320,2060,11880,4,8,12,7,17,3,2,15,3,116,57,197,54,29,2,0,0,2,5,5,12,12,12,NA,Kambia,Oct,2015,41
2015-10-09T00:00:00Z,NA,0,10000,820,2190,13010,8,6,14,8,24,3,0,16,3,98,47,166,36,25,5,0,0,1,6,7,14,14,14,NA,Kambia,Oct,2015,41
2015-10-10T00:00:00Z,NA,0,7800,920,1830,10550,8,6,14,8,14,3,0,17,2,111,53,191,40,31,6,0,0,2,3,9,14,14,14,NA,Kambia,Oct,2015,41
2015-10-11T00:00:00Z,NA,0,6000,820,1720,8540,4,11,15,8,15,3,2,16,2,108,43,171,32,28,4,0,0,2,6,7,15,15,15,NA,Kambia,Oct,2015,41
2015-10-12T00:00:00Z,NA,0,7300,970,1646,9916,2,11,13,9,17,3,2,15,NA,99,57,227,50,20,0,0,0,0,2,11,13,13,13,NA,Kambia,Oct,2015,41
2015-10-13T00:00:00Z,NA,1,7600,910,1440,9950,4,4,8,9,19,3,1,17,NA,72,27,131,26,10,2,0,0,0,3,5,8,8,8,NA,Kambia,Oct,2015,41
2015-10-14T00:00:00Z,NA,0,7000,970,1530,9500,0,6,6,11,18,3,0,16,NA,79,36,155,26,12,3,0,0,0,3,3,6,6,6,NA,Kambia,Oct,2015,41
2015-10-15T00:00:00Z,NA,0,6000,670,1440,8110,2,6,8,8,16,3,2,15,2,78,43,164,29,12,2,0,0,0,2,6,8,8,8,NA,Kambia,Oct,2015,42
2015-10-16T00:00:00Z,NA,0,6000,900,1310,8210,0,4,4,5,13,3,0,17,3,92,35,177,43,8,4,0,0,0,2,2,4,4,4,NA,Kambia,Oct,2015,42
2015-10-17T00:00:00Z,NA,0,6000,620,1490,8110,2,4,6,3,15,3,2,16,2,99,32,131,47,6,2,0,0,2,0,4,6,6,6,NA,Kambia,Oct,2015,42
2015-10-18T00:00:00Z,NA,0,6000,820,2070,8890,0,0,0,0,12,3,0,15,3,73,20,99,20,0,2,0,0,0,0,0,0,0,0,NA,Kambia,Oct,2015,42
2015-10-19T00:00:00Z,NA,0,6300,600,1460,8360,0,0,0,0,15,3,0,16,2,84,17,157,38,0,2,0,0,0,0,0,0,NA,0,NA,Kambia,Oct,2015,42
2015-10-20T00:00:00Z,NA,3,9000,1120,1210,11330,10,8,18,7,20,3,2,17,3,110,48,174,47,16,2,0,0,2,2,14,18,18,18,NA,Kambia,Oct,2015,42
2015-10-21T00:00:00Z,NA,0,8300,920,1540,10760,4,6,10,10,19,3,0,15,3,98,38,174,37,18,3,0,0,2,1,7,10,10,10,NA,Kambia,Oct,2015,42
2015-10-22T00:00:00Z,NA,0,8600,540,1740,10880,4,6,10,9,19,3,0,14,2,100,53,168,33,15,5,0,0,2,3,5,10,10,10,NA,Kambia,Oct,2015,43
2015-10-23T00:00:00Z,NA,1,7500,900,1900,10300,3,10,13,8,16,3,2,16,3,88,50,177,38,20,3,0,0,2,4,7,13,13,13,NA,Kambia,Oct,2015,43
2015-10-24T00:00:00Z,NA,1,7450,1120,1940,10510,6,9,15,10,15,3,0,14,2,108,36,190,35,22,4,0,0,0,3,12,15,15,15,NA,Kambia,Oct,2015,43
2015-10-25T00:00:00Z,NA,0,7000,640,2020,9660,4,4,8,5,20,3,0,17,3,122,35,170,26,21,2,0,0,1,2,5,8,8,8,NA,Kambia,Oct,2015,43
2015-10-26T00:00:00Z,NA,0,5400,200,1600,7200,2,6,8,11,18,3,0,16,2,97,54,159,37,9,3,0,0,0,2,6,8,8,8,NA,Kambia,Oct,2015,43
2015-10-27T00:00:00Z,NA,0,5400,620,1190,7210,2,2,4,5,20,3,1,17,3,121,50,223,40,12,4,0,0,0,0,4,4,4,4,NA,Kambia,Oct,2015,43
2015-10-28T00:00:00Z,NA,0,5350,1020,1140,7510,0,6,6,5,16,3,0,16,3,112,36,227,32,14,2,0,0,1,2,3,5,5,5,NA,Kambia,Oct,2015,43
2015-10-29T00:00:00Z,NA,0,6700,1000,1000,8700,0,7,7,9,19,3,0,18,4,113,38,229,41,13,3,0,0,0,0,7,7,7,7,NA,Kambia,Oct,2015,44
2015-10-30T00:00:00Z,NA,1,5500,1440,1540,8480,4,6,10,7,17,4,2,19,3,77,39,201,42,19,3,0,0,3,3,4,10,10,10,NA,Kambia,Oct,2015,44
2015-10-31T00:00:00Z,NA,0,4779,550,1440,6769,4,4,8,7,20,6,0,15,3,88,44,211,41,23,5,0,0,0,2,6,8,8,8,NA,Kambia,Oct,2015,44
2015-11-01T00:00:00Z,NA,0,4800,370,1230,6400,0,2,2,2,16,3,0,17,4,80,46,149,25,7,3,0,0,1,1,0,2,2,2,NA,Kambia,Nov,2015,44
2015-11-02T00:00:00Z,NA,0,4500,500,1440,6440,0,6,6,9,15,4,0,18,3,81,39,158,32,7,4,0,0,1,1,4,6,6,6,NA,Kambia,Nov,2015,44
2015-11-03T00:00:00Z,NA,0,4479,360,1370,6209,0,0,0,0,15,5,0,16,2,108,33,218,28,0,2,0,0,0,0,0,0,0,0,NA,Kambia,Nov,2015,44
2015-11-04T00:00:00Z,NA,0,6600,640,1230,8470,2,2,4,1,21,2,0,14,3,101,38,180,35,4,4,0,0,0,1,3,4,4,4,NA,Kambia,Nov,2015,44
2015-11-05T00:00:00Z,NA,1,4201,1080,940,6221,2,4,6,3,19,4,0,17,2,95,50,190,41,9,3,0,0,0,2,4,6,6,6,NA,Kambia,Nov,2015,45
2015-11-06T00:00:00Z,NA,0,6000,810,1740,8550,0,6,6,10,16,3,0,15,3,115,39,215,31,6,4,0,0,0,2,4,6,6,0,NA,Kambia,Nov,2015,45
2015-11-07T00:00:00Z,NA,0,6700,850,1420,8970,2,4,6,4,22,5,0,17,3,118,44,248,41,6,3,0,0,0,1,5,6,6,6,NA,Kambia,Nov,2015,45
2015-11-08T00:00:00Z,NA,NA,6300,400,960,7660,2,4,6,5,18,4,2,16,4,86,38,132,33,8,5,0,0,2,2,2,6,6,6,NA,Kambia,Nov,2015,45
2015-11-09T00:00:00Z,NA,0,6000,900,1540,8440,0,5,5,4,14,3,2,15,3,98,39,177,32,8,0,0,0,0,1,4,6,6,6,NA,Kambia,Nov,2015,45
2015-11-10T00:00:00Z,NA,1,7300,1300,1540,10140,2,6,8,7,16,4,3,17,2,111,47,180,37,4,3,0,0,2,1,5,8,8,8,NA,Kambia,Nov,2015,45
2015-11-11T00:00:00Z,NA,0,5800,1580,1920,9300,6,6,12,6,15,3,0,14,3,141,43,216,49,17,4,0,1,1,3,7,12,12,12,NA,Kambia,Nov,2015,45
2015-11-12T00:00:00Z,NA,0,6300,400,1810,8510,6,6,12,11,15,3,0,16,3,133,32,182,33,22,3,0,0,1,5,6,12,12,12,NA,Kambia,Nov,2015,46
2015-11-13T00:00:00Z,NA,0,7500,680,1660,9840,0,4,4,4,27,3,0,15,2,119,38,192,39,6,6,0,0,0,0,4,4,4,4,NA,Kambia,Nov,2015,46
2015-11-14T00:00:00Z,NA,1,6900,820,1840,9560,2,6,8,7,23,6,1,16,3,93,42,197,41,17,2,0,0,0,3,5,8,8,8,NA,Kambia,Nov,2015,46
2015-11-15T00:00:00Z,NA,0,5800,780,1460,8040,0,9,9,7,20,4,0,14,2,112,41,188,32,24,4,0,0,0,5,4,9,9,9,NA,Kambia,Nov,2015,46
2015-11-16T00:00:00Z,NA,0,5500,380,1770,7650,4,2,6,4,27,3,0,17,3,128,32,186,24,16,3,0,1,2,1,2,6,6,6,NA,Kambia,Nov,2015,46
2015-11-17T00:00:00Z,NA,0,8000,650,1560,10210,0,4,4,3,19,3,0,16,3,96,45,165,33,12,3,0,0,0,3,1,4,4,4,NA,Kambia,Nov,2015,46
2015-11-18T00:00:00Z,NA,0,6500,600,1830,8930,0,3,3,0,16,6,0,18,3,118,39,187,35,21,3,0,0,0,2,1,3,3,3,NA,Kambia,Nov,2015,46
2015-11-19T00:00:00Z,NA,0,7000,1230,1950,10180,0,4,4,2,17,4,0,15,3,105,31,199,28,8,4,0,0,0,0,4,4,4,4,NA,Kambia,Nov,2015,47
2015-11-20T00:00:00Z,NA,0,5300,190,1340,6830,0,3,3,2,19,3,0,17,3,115,57,223,55,3,5,0,0,0,1,2,3,3,3,NA,Kambia,Nov,2015,47
2015-11-21T00:00:00Z,NA,0,6700,500,1470,8670,0,0,0,0,17,3,0,14,3,95,30,161,27,0,3,0,0,0,0,0,0,0,0,NA,Kambia,Nov,2015,47
2015-11-22T00:00:00Z,NA,0,6100,520,1400,8020,0,0,0,0,18,4,0,15,2,99,29,176,22,5,0,0,0,0,0,0,0,0,0,NA,Kambia,Nov,2015,47
2015-11-23T00:00:00Z,NA,0,5800,1210,1270,8280,2,4,6,2,19,6,0,17,3,104,29,184,26,6,4,0,2,0,1,3,6,6,6,NA,Kambia,Nov,2015,47
2015-11-24T00:00:00Z,NA,0,4600,1020,1160,6780,0,4,4,2,19,3,0,14,3,137,33,199,26,4,2,0,0,0,1,3,4,4,4,NA,Kambia,Nov,2015,47
2015-11-25T00:00:00Z,NA,0,7000,700,1510,9210,0,0,0,0,29,5,0,16,3,112,35,166,36,0,0,0,0,0,0,0,0,0,0,NA,Kambia,Nov,2015,47
2015-11-26T00:00:00Z,NA,0,7000,680,1390,9070,0,0,0,0,16,4,0,18,2,134,27,172,24,0,3,0,0,0,0,0,0,0,0,NA,Kambia,Nov,2015,48
2015-11-27T00:00:00Z,NA,0,6000,610,1480,8090,0,0,0,0,23,4,0,17,3,149,46,235,47,0,4,0,0,0,0,0,0,0,0,NA,Kambia,Nov,2015,48
2015-11-28T00:00:00Z,NA,1,4800,630,1440,6870,2,4,6,6,19,4,0,18,3,120,36,206,32,4,2,0,0,0,3,3,6,6,6,NA,Kambia,Nov,2015,48
2015-11-29T00:00:00Z,NA,0,5200,290,760,6250,0,0,0,4,13,3,0,16,0,60,30,118,19,4,3,0,0,0,0,0,0,0,0,NA,Kambia,Nov,2015,48
2015-11-30T00:00:00Z,NA,0,6600,500,1840,8940,4,2,6,3,27,4,2,17,2,102,35,168,29,9,2,0,0,1,4,1,6,6,6,NA,Kambia,Nov,2015,48
2015-12-01T00:00:00Z,NA,0,5800,460,1400,7660,0,2,2,0,17,2,0,15,1,90,41,145,27,2,4,0,0,0,2,0,2,2,2,NA,Kambia,Dec,2015,48
2015-12-02T00:00:00Z,NA,0,6800,420,1440,8660,0,0,0,0,17,5,0,14,3,88,44,149,30,0,3,0,0,0,0,0,0,0,0,NA,Kambia,Dec,2015,48
2015-12-03T00:00:00Z,NA,0,6800,1100,2010,9910,2,7,9,3,17,3,0,16,2,113,32,185,32,21,4,0,1,1,1,6,9,9,9,NA,Kambia,Dec,2015,49
2015-12-04T00:00:00Z,NA,0,5300,520,1460,7280,0,0,0,0,16,3,0,17,0,100,39,150,34,0,0,0,0,0,0,0,0,0,NA,NA,Kambia,Dec,2015,49
2015-12-05T00:00:00Z,NA,0,6200,470,1680,8350,0,0,0,0,15,4,0,15,0,98,26,170,33,0,2,0,0,0,0,0,0,0,0,NA,Kambia,Dec,2015,49
2015-12-06T00:00:00Z,NA,0,4200,330,920,5450,0,0,0,0,14,3,0,17,0,99,35,170,29,0,0,0,0,0,0,0,0,0,0,NA,Kambia,Dec,2015,49
2015-12-07T00:00:00Z,NA,1,7465,1020,1060,9545,9,6,15,3,19,4,2,16,2,103,28,162,23,9,0,0,0,2,4,9,15,15,15,NA,Kambia,Dec,2015,49
2015-12-08T00:00:00Z,NA,0,6300,300,630,7230,0,4,4,0,17,3,0,18,3,98,56,184,36,16,0,0,0,0,0,4,4,4,4,NA,Kambia,Dec,2015,49
2015-12-09T00:00:00Z,NA,0,6000,600,1260,7860,0,4,4,0,21,5,0,15,3,91,19,174,25,12,6,0,0,0,3,1,4,4,4,NA,Kambia,Dec,2015,49
2015-12-10T00:00:00Z,NA,0,5500,270,730,6500,0,5,5,0,18,3,0,17,0,105,41,179,34,0,0,0,0,0,0,0,0,0,0,NA,Kambia,Dec,2015,50
2015-12-11T00:00:00Z,NA,0,5050,350,1280,6680,0,5,5,2,25,4,0,14,3,111,36,185,34,5,8,0,0,0,0,5,5,5,5,NA,Kambia,Dec,2015,50
2015-12-12T00:00:00Z,NA,0,4800,1080,270,6150,0,0,0,0,18,3,0,16,0,89,20,157,15,0,3,0,0,0,0,0,0,0,0,NA,Kambia,Dec,2015,50
2015-12-13T00:00:00Z,NA,0,5700,450,1230,7380,0,4,4,3,16,5,1,17,3,102,57,150,33,8,5,0,1,0,2,1,4,4,4,NA,Kambia,Dec,2015,50
2015-12-14T00:00:00Z,NA,0,5000,470,1260,6730,0,3,3,0,20,4,0,19,3,117,48,197,39,3,7,0,0,0,1,2,3,3,3,NA,Kambia,Dec,2015,50
2015-12-15T00:00:00Z,NA,0,5185,450,1640,7275,0,4,4,4,17,3,0,16,2,120,25,191,33,7,4,0,0,0,1,3,4,4,4,NA,Kambia,Dec,2015,50
