Tag ID,Tag Type,Field Site,Duration,Depth,Descent_Rate,Ascent_Rate,Descent_Pitch,Ascent_Pitch,Var_Pitch,Bottom_Duration,Surface_Duration,Var_Heading,Var_Roll,ODBA,Wiggliness
ha13_176a,dtag,Jan Mayen,299.8,150.247151,2.043968387,0.643319389,-0.462257567,0.362207537,0.105900233,0.626666667,0.59,0.834051248,0.3148594,9.710783526,0.156410231
ha13_176a,dtag,Jan Mayen,208,87.904149,1.221357913,0.871862095,-1.07315616,0.630742494,0.320269686,1,0.706666667,0.706380211,0.116840486,2.850364396,0.074980109
ha13_176a,dtag,Jan Mayen,849.6,141.233351,0.35829927,0.469115378,-0.477180605,0.32607642,0.106519176,4.276666667,1.083333333,0.268329701,0.070100369,1.155051236,0.07340257
ha13_176a,dtag,Jan Mayen,539.4,130.599712,0.529800438,0.548686718,-0.594130169,0.495249873,0.179095874,2.113333333,2.133333333,0.345977512,0.068687739,0.866245195,0.175122112
ha13_176a,dtag,Jan Mayen,945.6,208.658976,0.880045015,0.57079703,-0.972583496,0.501178452,0.152717333,7.216666667,1.783333333,0.149908936,0.037456036,0.890796981,0.121865958
ha13_176a,dtag,Jan Mayen,994.8,206.729317,0.98794147,0.686841615,-0.982280266,0.628854134,0.198375808,9.35,2.116666667,0.373767961,0.1470795,0.596294233,0.184305551
ha13_176a,dtag,Jan Mayen,1240.6,286.790799,0.855033878,0.588422274,-0.914225969,0.506320211,0.183451472,9.023333333,1.666666667,0.3808387,0.052065248,0.788905811,0.190966911
ha13_176a,dtag,Jan Mayen,1190,246.272322,0.697588144,0.326188358,-0.673637726,0.331745172,0.161753462,4.183333333,2.393333333,0.821332058,0.098676744,0.53578193,0.145223554
ha13_176a,dtag,Jan Mayen,1843.2,299.97862,1.137935794,0.176160584,-0.915683235,0.044400956,0.175531526,2.876666667,2.636666667,0.352003932,0.323588923,0.74557627,0.137217578
ha13_176a,dtag,Jan Mayen,742.2,198.141357,0.792888192,0.537517846,-0.415926096,0.216940969,0.057825403,3.61,5.186666667,0.160010405,0.051287201,1.168422499,0.114636436
ha13_176a,dtag,Jan Mayen,1002.2,310.966305,0.675039571,0.790911254,-0.503944371,0.748098196,0.24683423,4.61,7.75,0.458009503,0.576539594,1.208067588,0.1325296
ha13_176a,dtag,Jan Mayen,609.6,358.257758,1.771569093,0.879546643,-1.092141878,0.625658101,0.343914596,1.533333333,5.75,0.485870671,0.434561238,1.391981189,0.120974205
ha13_176a,dtag,Jan Mayen,134.6,35.944292,0.407257133,0.791405,-0.504826581,0.316328341,0.201310414,0.356666667,1.36,0.607755756,0.622201271,1.850894863,0.096864315
ha13_176a,dtag,Jan Mayen,883.6,402.241904,1.018635343,0.806412302,-0.534552835,0.593298431,0.254237847,2.076666667,8.58,0.490674894,0.791326823,2.513955709,0.127628722
ha13_176a,dtag,Jan Mayen,883.6,332.500826,1.31675835,0.973786222,-0.883569629,0.670415778,0.257648813,6.323333333,2.07,0.621822909,0.547012209,2.239594096,0.099933244
ha13_176a,dtag,Jan Mayen,393.8,72.875488,0.37295177,0.856176597,-0.214970623,0.459544758,0.066244034,2.616666667,0.44,0.546981859,0.148611069,2.15939354,0.087371842
ha13_176a,dtag,Jan Mayen,20.4,10.018601,1.147283919,1.087199605,-0.514476958,0.548376653,0.115994458,0.093333333,2.92,0.08051208,0.092691971,2.541466216,0.16298588
ha13_176a,dtag,Jan Mayen,69.6,16.250292,1.853348333,0.206910352,-0.371442156,0.109937822,0.030272378,0.06,4.91,0.09799817,0.14256415,2.834664679,0.181458739
ha13_176a,dtag,Jan Mayen,1329,754.624484,1.443895428,0.937939124,-1.190720496,0.773112248,0.404921885,3.353333333,0.576666667,0.567170298,0.579572848,2.569944944,0.189309879
ha13_176a,dtag,Jan Mayen,107.4,39.050478,1.218128731,0.638295039,-0.605365871,0.328512285,0.096138358,0.5,1.28,0.217307132,0.44588047,1.426815774,0.025085569
ha13_176a,dtag,Jan Mayen,206.2,73.134413,0.640248895,0.894986691,-0.253271103,0.389483979,0.059843908,0.673333333,0.46,0.147928603,0.331810699,2.422835017,0.128809257
ha13_176a,dtag,Jan Mayen,89.6,34.495513,0.831190056,0.831532599,-0.224312939,0.436774433,0.05497931,0.316666667,1.4,0.413823879,0.10063486,2.34458186,0.088964945
ha13_176a,dtag,Jan Mayen,395,94.165965,1.564618247,0.291177902,-0.433603443,0.147707457,0.130739875,1.166666667,1.18,0.74649074,0.360612298,2.551074678,0.097926276
ha13_176a,dtag,Jan Mayen,240.6,71.580804,0.56443932,0.556908263,-0.236577001,0.175698775,0.212729369,0.376666667,4.32,0.670585909,0.488210987,3.56886509,0.112050947
ha13_176a,dtag,Jan Mayen,56.2,17.269242,0.614502222,0.724843676,-0.57916192,0.392374703,0.100780593,0.24,0.56,0.101968587,0.387298654,3.421213551,0.144337731
ha13_176a,dtag,Jan Mayen,1063.6,444.753162,1.047003473,0.602759962,-0.563798022,0.468308457,0.252696379,1.263333333,6.21,0.80333835,0.572978074,1.768655926,0.100668151
ha13_176a,dtag,Jan Mayen,1027,503.725279,1.061435954,0.87700968,-0.708735595,0.346089786,0.234495902,2.26,2.836666667,0.475297955,0.726726479,2.425476974,0.094917135
ha13_176a,dtag,Jan Mayen,452.6,92.008293,0.830811119,0.493453422,-0.360815369,0.174179428,0.042281232,3.343333333,0.823333333,0.187165688,0.130426519,2.585098252,0.064261051
ha13_176a,dtag,Jan Mayen,340.2,88.881674,0.578262531,0.799272804,-0.332366354,0.332318744,0.058894935,1.966666667,2.226666667,0.153499066,0.252867405,1.898568085,0.166015963
ha13_176a,dtag,Jan Mayen,162.2,43.537034,0.506913857,0.626307239,-0.250506941,0.312500174,0.06047937,0.506666667,0.316666667,0.416258456,0.206162025,2.681444699,0.14485718
ha13_176a,dtag,Jan Mayen,445.4,117.030949,1.078063312,0.430913789,-0.593555952,0.196189761,0.060298033,2.046666667,7.243333333,0.057325439,0.253599942,1.957471247,0.143046337
ha13_176a,dtag,Jan Mayen,122,21.749047,0.381644439,0.356214228,-0.396643937,0.23601871,0.05733078,0.43,1.4,0.585771766,0.11958574,1.848223099,0.163280299
ha13_176a,dtag,Jan Mayen,2297.6,1307.779057,1.163570962,1.09283919,-0.74027876,0.660848447,0.301688089,5.423333333,3.246666667,0.468993587,0.616751896,1.681323336,0.189546937
ha13_176a,dtag,Jan Mayen,814.6,110.849168,0.192401579,0.709325023,-0.176408196,0.640440083,0.078415995,3.24,2.88,0.688833291,0.085029327,1.700308873,0.055178413
ha13_176a,dtag,Jan Mayen,448,111.382657,0.410522172,0.645475967,-0.331886685,0.547529991,0.114180195,1.29,4.213333333,0.468326286,0.075825812,1.15755543,0.208723257
ha13_176a,dtag,Jan Mayen,2287.6,1468.69444,1.280547164,1.644180315,-0.761172323,1.033324016,0.369508146,9.233333333,3.053333333,0.38291624,0.677336782,1.435781287,0.138860365
ha13_176a,dtag,Jan Mayen,249.2,37.307293,0.765917892,0.502944263,-0.634466425,0.349375357,0.077257065,2.436666667,1.673333333,0.697795547,0.011343585,1.730300041,0.047550057
ha13_176a,dtag,Jan Mayen,656.4,113.423752,0.33386388,0.468316095,-0.391915866,0.407496666,0.084635501,2.773333333,2.843333333,0.175759812,0.023895059,1.117556714,0.169565238
ha13_176a,dtag,Jan Mayen,81.6,11.668159,0.321949189,0.373745736,-0.193778048,0.161860403,0.016101787,0.44,0.446666667,0.002979536,0.001818112,0.85839452,0.169979852
ha13_176a,dtag,Jan Mayen,89.8,12.915551,0.231703596,0.268873683,-0.166811601,0.174349715,0.02263818,0.183333333,2.296666667,0.24944143,0.095583949,1.114880819,0.266974164
ha13_176a,dtag,Jan Mayen,85.2,11.521459,0.181352829,0.53960069,-0.363014129,0.44622591,0.062234855,0.373333333,2.323333333,0.04914969,0.050845951,1.42160207,0.260046859
ha13_176a,dtag,Jan Mayen,2817.4,1687.53262,1.408001075,1.184632195,-0.785893774,0.980377904,0.376314778,9.803333333,2.44,0.66308114,0.637672329,1.556773482,0.232769373
ha13_176a,dtag,Jan Mayen,692.4,94.174874,0.422362582,0.377294957,-0.516637758,0.299896057,0.059387466,4.876666667,3.286666667,0.132231862,0.014079408,1.665945496,0.030559869
ha13_176a,dtag,Jan Mayen,758.6,92.548351,0.348171171,0.261462826,-0.475502583,0.182253838,0.064228896,3.953333333,2.85,0.182813723,0.01727719,0.819056143,0.248980821
ha13_176a,dtag,Jan Mayen,280.4,35.641326,0.409629972,0.151180155,-0.241809878,0.097614515,0.042402439,0.376666667,1.47,0.527854356,0.057720534,0.797774167,0.240863466
ha13_176a,dtag,Jan Mayen,672,99.684477,0.215147403,0.542825084,-0.077330987,0.475157071,0.04820922,2.186666667,3.453333333,0.341578962,0.105039324,1.179153256,0.235214326
ha13_176a,dtag,Jan Mayen,5662.4,2339.43099,1.265639142,0.712186216,-0.610787504,0.472177903,0.168582215,21.69666667,3.873333333,0.311477391,0.059133478,1.873373176,0.192402179
ha13_176a,dtag,Jan Mayen,1059.8,192.502936,0.796435758,0.383919025,-0.290663916,0.274792331,0.04293273,7.18,5.36,0.253698884,0.072492571,1.280528607,0.076423305
ha13_176a,dtag,Jan Mayen,1397.6,184.163923,0.433145749,0.338380037,-0.191041814,0.262713963,0.045214706,9.606666667,5.936666667,0.371156519,0.033681515,1.744735931,0.155383444
ha13_176a,dtag,Jan Mayen,1388.8,265.828326,0.471659603,0.41324311,-0.290647894,0.328316655,0.049826102,6.08,5.013333333,0.08380338,0.012731457,1.365727883,0.192617947
ha13_176a,dtag,Jan Mayen,1514.6,249.202509,0.395987172,0.407897108,-0.336745521,0.300675549,0.047209066,7.71,4.52,0.037148527,0.017108743,1.249395419,0.174321355
ha13_176a,dtag,Jan Mayen,1410.4,189.295562,0.370489866,0.431329494,-0.356662114,0.356387441,0.054008849,10.09,2.903333333,0.154586802,0.034099443,1.056626465,0.210090713
ha13_176a,dtag,Jan Mayen,1238,156.903557,0.326808408,0.457593942,-0.315203903,0.360868967,0.047768492,9.006666667,2.473333333,0.095050414,0.052528385,0.886246996,0.254234527
ha13_176a,dtag,Jan Mayen,1487.2,162.535041,0.257164256,0.263924116,-0.249394927,0.246570199,0.048060515,7.166666667,2.526666667,0.11780313,0.037779387,0.900112673,0.261112739
ha13_176a,dtag,Jan Mayen,1437.6,204.817522,0.305830125,0.354901497,-0.339197396,0.352197458,0.078565272,6.323333333,2.733333333,0.247374643,0.046273003,0.94217138,0.274033849
ha13_176a,dtag,Jan Mayen,1265.6,171.525915,0.317951583,0.326102513,-0.369453308,0.388217598,0.077721917,6.123333333,2.363333333,0.115434483,0.028699307,0.863048761,0.229878465
ha13_176a,dtag,Jan Mayen,911.8,169.324889,0.484690563,0.367121267,-0.234246266,0.388789939,0.05794166,3.746666667,2.136666667,0.107157102,0.029805476,0.906888117,0.199886335
ha13_176a,dtag,Jan Mayen,1220.8,167.722792,0.333533654,0.368498968,-0.139631604,0.37692893,0.031959479,6.86,2.446666667,0.019637789,0.008250947,1.076838821,0.165211552
ha13_176a,dtag,Jan Mayen,1010.8,109.506821,0.178673109,0.319968163,-0.072194212,0.286185197,0.021230901,3.51,2.493333333,0.012864407,0.013189288,1.115680353,0.219416017
ha13_176a,dtag,Jan Mayen,1184.8,251.364115,0.611460716,0.378925403,-0.383520841,0.369122817,0.072456463,4.556666667,2.373333333,0.05816586,0.020515836,1.143813386,0.261375388
ha13_176a,dtag,Jan Mayen,773.8,73.882282,0.182666162,0.209188722,-0.038587031,0.192577042,0.01549612,2.21,2.546666667,0.026344409,0.016712217,1.028778693,0.155334551
ha13_176a,dtag,Jan Mayen,1122.8,258.017555,0.383286069,0.695500173,-0.169425589,0.573019188,0.068813661,4.04,NA,0.037639051,0.047228051,1.501205336,0.264702504
ha14_165a,dtag,Jan Mayen,405,206.714558,2.302505709,0.872915931,-0.928091517,0.568586781,0.165007205,2.136666667,0.01,0.35380594,0.129100401,1.521532602,0.079625163
ha14_165a,dtag,Jan Mayen,216.6,140.42448,2.064826927,1.206257424,-0.926223115,0.696788455,0.243697598,1.01,2.266666667,0.217024473,0.091316843,1.083165527,0.068507596
ha14_165a,dtag,Jan Mayen,1534,588.755828,1.698346318,0.592562554,-0.980448182,0.493550986,0.195092258,6.593333333,4.476666667,0.424387169,0.36291719,1.29390996,0.06797128
ha14_165a,dtag,Jan Mayen,1325.8,881.382335,1.565139348,1.423673565,-1.00916468,0.877109764,0.363094211,5.353333333,1.81,0.708409096,0.58583037,0.96886696,0.101697563
ha14_165a,dtag,Jan Mayen,238.8,145.143998,1.033676824,1.710254569,-0.821961624,0.868355345,0.520034405,0.8,2.083333333,0.810142797,0.484713775,1.135272882,0.053416063
ha14_165a,dtag,Jan Mayen,180.6,70.601823,0.979799013,0.889671217,-0.989977776,0.472531323,0.34799558,0.876666667,2.316666667,0.777663384,0.105415626,1.270920138,0.077515136
ha14_165a,dtag,Jan Mayen,159.2,89.681068,1.219510962,1.375194638,-1.04643035,0.91546154,0.449474576,0.696666667,2.74,0.425009261,0.12424813,1.040124643,0.14977056
ha14_165a,dtag,Jan Mayen,86,57.774582,1.670441395,1.244664112,-1.031928492,0.633954721,0.321719315,0.29,0.393333333,0.045992863,0.009808035,1.129752117,0.082406277
ha14_165a,dtag,Jan Mayen,2328.4,603.76119,1.658516496,0.334409769,-1.305737641,0.203394785,0.159490495,8.08,3.36,0.356566012,0.286843385,1.31084051,0.031873502
ha14_165a,dtag,Jan Mayen,583.2,103.742673,0.396930623,0.510462994,-0.259619834,0.397208607,0.049584434,3.196666667,2.69,0.019978727,0.010629278,0.920297254,0.170611344
ha14_165a,dtag,Jan Mayen,690,69.663654,0.474872608,0.154882387,-0.461483524,-0.064891472,0.020299897,3.136666667,2.183333333,0.017581732,0.008579349,0.666024819,0.214576082
ha14_165a,dtag,Jan Mayen,663.6,79.147018,0.571948019,0.169722787,-0.687888558,-0.057934168,0.066778775,2.506666667,4.21,0.023874761,0.007359262,0.60711813,0.313552585
ha14_165a,dtag,Jan Mayen,1636.4,580.481828,1.53666915,1.403849047,-1.081781603,0.903621949,0.250711168,16.06333333,4.806666667,0.223894903,0.690647365,0.634560207,0.270021118
ha14_165a,dtag,Jan Mayen,1222.4,626.586152,1.167918941,1.273087091,-0.703366317,0.785883404,0.278107356,5.803333333,3.973333333,0.302918543,0.571136531,1.191732056,0.094801209
ha14_165a,dtag,Jan Mayen,1314.8,611.234494,1.165248221,0.840156058,-0.693265048,0.512675851,0.20518078,4.18,3.063333333,0.367947787,0.4185411,1.264838646,0.062732761
ha14_165a,dtag,Jan Mayen,771.6,172.164539,0.646395062,0.422382647,-0.664684636,0.318866355,0.108322154,3.31,2.476666667,0.042439935,0.019947581,1.123550994,0.091391974
ha14_165a,dtag,Jan Mayen,688.4,112.3936,0.47480138,0.338562245,-0.443873634,0.288212305,0.065288967,3.48,2.18,0.025312453,0.025054959,0.606170751,0.146765213
ha14_165a,dtag,Jan Mayen,672.8,76.953848,0.466798507,0.188266722,-0.426478327,0.116269774,0.033115925,3.193333333,2.15,0.031540824,0.011701332,0.561133617,0.214379896
ha14_165a,dtag,Jan Mayen,704,44.464061,0.326906248,0.088031286,-0.514814575,-0.039658384,0.031046056,2.646666667,2.32,0.044039316,0.012409768,0.519246067,0.302502705
ha14_165a,dtag,Jan Mayen,268.6,63.116475,0.411296878,0.690628843,-0.320847446,0.593964189,0.092283913,1,2.07,0.450006462,0.044996072,0.593793309,0.355455413
ha14_165a,dtag,Jan Mayen,1282,538.781439,0.635849091,1.519024775,-0.348824034,1.056814818,0.271995355,4.33,3.903333333,0.210202843,0.704674574,0.97188304,0.150424322
ha14_165a,dtag,Jan Mayen,1065.8,553.755998,1.286133926,1.636107967,-0.788517002,1.011053371,0.284434225,6.87,4.113333333,0.280958775,0.646571937,1.412447974,0.084452382
ha14_165a,dtag,Jan Mayen,1139.2,515.838642,1.539387677,1.234163379,-0.984483244,1.129138948,0.321537841,8.316666667,1.926666667,0.146920125,0.5200313,1.32290065,0.085418272
ha14_165a,dtag,Jan Mayen,32.4,12.595026,0.887388981,0.866531532,-0.396854067,0.731784896,0.13122178,0.156666667,1.713333333,0.734759046,0.024133311,1.179238735,0.091887149
ha14_165a,dtag,Jan Mayen,1222.8,737.267472,1.564575082,1.422747587,-0.835900712,0.906404222,0.299694285,6.363333333,4.57,0.416129765,0.658244056,1.7022858,0.144871831
ha14_165a,dtag,Jan Mayen,1333.4,865.630104,1.443779106,1.376974929,-0.812479923,0.800485641,0.300989507,4.823333333,5.546666667,0.372670564,0.617706839,1.437581918,0.072602987
ha14_165a,dtag,Jan Mayen,1314.4,648.91632,1.410899302,1.177031831,-0.86070378,0.838412608,0.309437329,7.583333333,4.846666667,0.255522071,0.557948367,1.77493216,0.063069669
ha14_165a,dtag,Jan Mayen,1163.4,567.671062,0.985361663,1.138774257,-0.578369544,0.92125398,0.294617828,4.17,5.386666667,0.392818247,0.588843014,2.125111203,0.073722904
ha14_165a,dtag,Jan Mayen,1192.4,542.163628,1.334329722,1.03234998,-1.000250178,0.72186915,0.296825815,6.673333333,4.746666667,0.349007411,0.656917278,2.037996619,0.090246206
ha14_165a,dtag,Jan Mayen,1150.4,567.19628,1.630995961,1.001097414,-0.842311796,0.735957714,0.253005132,6.226666667,3.646666667,0.47175998,0.510686973,2.165953214,0.099223772
ha14_165a,dtag,Jan Mayen,1116,745.912354,1.615783228,1.184938924,-0.945018842,0.695325219,0.330817074,3.136666667,NA,0.49076544,0.436835913,2.23224067,0.080733289
ha14_166a,dtag,Jan Mayen,234.2,122.409898,1.482731895,1.095681663,-0.605573125,0.183240602,0.075103325,1.153333333,0.006666667,0.894201626,0.201682519,4.103671541,0.51191572
ha14_166a,dtag,Jan Mayen,139.6,30.958734,0.400368424,0.635230264,-0.661234084,-0.048094798,0.074975683,0.536666667,0.003333333,0.216773453,0.049511136,2.489444946,0.067860184
ha14_166a,dtag,Jan Mayen,736,227.05247,0.998532528,0.470711155,-0.610265569,-0.049571562,0.068031508,2.206666667,0.303333333,0.8418742,0.077836584,1.535306293,0.146447319
ha14_166a,dtag,Jan Mayen,24.4,11.128721,1.270540921,1.038602979,-0.870498328,0.050680999,0.090171871,0.126666667,0.246666667,0.628383949,0.03386525,1.569907436,0.065102095
ha14_166a,dtag,Jan Mayen,240.4,92.684238,0.518287185,1.324712668,-0.495047007,0.24439944,0.142778648,0.476666667,3.023333333,0.792442817,0.163050346,2.878489761,0.079251658
ha14_166a,dtag,Jan Mayen,163.8,65.155697,1.153461058,0.650604439,-1.173017171,-0.048777322,0.159057313,0.503333333,2.19,0.086252397,0.226921607,1.975189042,0.073289082
ha14_166a,dtag,Jan Mayen,2343.6,331.682241,0.639158532,0.205724415,-0.787592955,0.159754151,0.120151026,8.86,2.913333333,0.564792745,0.147109105,1.622000017,0.108694673
ha14_166a,dtag,Jan Mayen,1262.8,188.195471,0.645954694,0.386281996,-0.39139584,0.312134794,0.063313924,10.01,2.726666667,0.404878215,0.077629673,1.247079163,0.157226814
ha14_166a,dtag,Jan Mayen,1451,245.155827,0.874268617,0.320126688,-0.875230135,0.193479875,0.111718174,9.356666667,3.336666667,0.376917538,0.148957744,1.012261446,0.149261547
ha14_166a,dtag,Jan Mayen,1285.4,214.931391,0.69647861,0.577568412,-0.556621305,0.278082214,0.066033104,11.77,2.273333333,0.200774497,0.127512245,1.22525757,0.184039893
ha14_166a,dtag,Jan Mayen,1160.8,214.426816,0.842469631,0.291698703,-0.576552773,0.178647126,0.120099958,5.316666667,1.433333333,0.428984961,0.194789731,1.186567012,0.187269662
ha14_166a,dtag,Jan Mayen,1405.8,339.604741,0.932252321,0.366157928,-0.74162718,0.232517188,0.138618467,5.126666667,2.46,0.317126979,0.227648764,1.12641063,0.117917888
ha14_166a,dtag,Jan Mayen,1035.6,259.529481,0.806588411,0.347479424,-0.639816759,0.195754855,0.14786748,2.11,3.476666667,0.272675684,0.239216577,1.038899649,0.154954737
ha14_166a,dtag,Jan Mayen,1805.4,612.436999,1.72731568,0.679903472,-0.965445729,0.374501996,0.152481627,12.30333333,2.543333333,0.40205203,0.695104083,1.239301627,0.105052779
ha14_166a,dtag,Jan Mayen,1584.6,340.7305,0.439250393,0.626049454,-0.261423771,0.408844527,0.10880866,7.703333333,3.093333333,0.388531227,0.0826,1.440759933,0.08839292
ha14_166a,dtag,Jan Mayen,1557.8,587.452411,1.290343487,0.665672124,-0.773011174,0.459987478,0.153020282,7.006666667,3.843333333,0.301347238,0.076463919,1.120081346,0.10611608
ha14_166a,dtag,Jan Mayen,285,77.991984,1.294476187,0.975875676,-0.568614948,0.33841415,0.053221292,2.763333333,3.173333333,0.060495725,0.053844726,1.103581803,0.084444187
ha14_166a,dtag,Jan Mayen,1343.4,720.095727,0.936760696,1.143396998,-0.543679261,0.549823111,0.235487211,2.57,3.09,0.140003549,0.592416714,1.624171867,0.179680239
ha14_166a,dtag,Jan Mayen,3256.4,1489.309366,1.944273204,0.634086016,-1.18047171,0.517674319,0.270953806,10.14333333,2.62,0.304834952,0.325102804,1.465701139,0.068833934
ha14_166a,dtag,Jan Mayen,151.2,94.463993,2.45597247,0.884834459,-1.048868167,0.463738974,0.193518612,0.466666667,1.206666667,0.103539483,0.074955777,1.033767944,0.051367092
ha14_166a,dtag,Jan Mayen,1252.6,373.603534,1.302467728,0.414492775,-0.6177671,0.432045225,0.120672215,4.046666667,2.2,0.705591226,0.136646274,1.619125133,0.051162789
ha14_166a,dtag,Jan Mayen,786.4,138.664578,0.744688369,1.043480452,-0.306451216,0.56830775,0.045260068,8.593333333,2.09,0.037940862,0.088701038,1.030335734,0.090471392
ha14_166a,dtag,Jan Mayen,599.4,160.901605,0.614067785,0.55137977,-0.270593715,0.23424018,0.049112073,2.153333333,2.516666667,0.031726466,0.130126869,1.081855169,0.285588935
ha14_166a,dtag,Jan Mayen,247.8,83.576676,1.608011787,0.864403073,-0.669737829,0.338581504,0.069099555,2.03,1.806666667,0.038103117,0.337349175,1.446855216,0.104841872
ha14_166a,dtag,Jan Mayen,244.2,181.909026,1.610556219,1.526176164,-0.844246219,0.670920304,0.286092068,0.783333333,0.916666667,0.030220068,0.688331673,1.700327399,0.122627711
ha14_166a,dtag,Jan Mayen,30.6,11.048225,0.776403833,1.011850326,-0.348353861,0.322632901,0.048386629,0.16,1.916666667,0.215625444,0.041398538,1.556026277,0.023239721
ha14_166a,dtag,Jan Mayen,969.6,586.834226,1.526693115,1.624874489,-0.798896648,0.724879522,0.242058848,5.6,0,0.231064129,0.818702399,2.362798981,0.10082412
ha14_166a,dtag,Jan Mayen,42.6,27.50931,1.661255643,1.405036386,-1.004204089,0.565422983,0.246953076,0.203333333,3.41,0.298558863,0.039364525,1.543670404,0.050701322
ha14_166a,dtag,Jan Mayen,1335.8,685.82768,1.22045227,1.154483483,-0.731417026,0.631425394,0.249621894,5.89,4.806666667,0.124892058,0.721804489,2.019477243,0.095118596
ha14_166a,dtag,Jan Mayen,2647.6,1875.138383,1.73178939,1.197089854,-1.039094535,0.728018519,0.388187281,6.6,2.106666667,0.892065144,0.595851102,1.45994933,0.06718385
ha14_166a,dtag,Jan Mayen,46.2,18.103564,0.79795599,0.841080549,-0.661190227,0.135412005,0.101614618,0.15,0,0.073215241,0.070223535,1.299687436,0.027303531
ha14_166a,dtag,Jan Mayen,736.2,253.082771,1.004558252,0.549785077,-0.867010986,0.379555449,0.224156604,2.193333333,0.296666667,0.910181837,0.222532339,2.507940627,0.081385281
ha14_166a,dtag,Jan Mayen,28.4,15.648321,1.350755957,1.189207778,-0.890619277,0.217106129,0.128405783,0.14,0.953333333,0.516764449,0.029531421,1.264149988,0.051900989
ha14_166a,dtag,Jan Mayen,443.4,154.831922,1.59920089,0.44112587,-1.11245881,0.027178611,0.146512954,1.066666667,2.773333333,0.638851263,0.173237684,2.614769024,0.093380012
ha14_166a,dtag,Jan Mayen,956.4,212.369874,0.824901889,0.382571039,-0.578094195,0.159985412,0.086979124,4.453333333,1.663333333,0.422814991,0.059096202,1.73127587,0.107794892
ha14_166a,dtag,Jan Mayen,645.6,103.332592,1.090123978,0.277147233,-0.831824975,0.062261231,0.077919566,4.186666667,1.726666667,0.602492371,0.03568933,0.985977089,0.187931589
ha14_166a,dtag,Jan Mayen,747.2,143.309236,0.331675854,0.813398902,-0.349590142,0.312499186,0.048862743,3.86,1.696666667,0.14077976,0.042106422,0.971540371,0.171187054
ha14_166a,dtag,Jan Mayen,880.2,189.024299,0.473143569,0.467173322,-0.411105774,0.254537224,0.067563178,3.303333333,2.106666667,0.253550203,0.161537501,0.899520662,0.206808009
ha14_166a,dtag,Jan Mayen,1004.2,190.165762,0.384034433,0.679730848,-0.404481469,0.417777459,0.066695337,5.796666667,1.87,0.19420016,0.030977129,1.129412509,0.160255654
ha14_166a,dtag,Jan Mayen,193.6,60.05598,1.138547422,0.780569352,-0.703419642,0.369255716,0.096891411,1.406666667,0.003333333,0.077346125,0.271650945,0.740409803,0.203308246
ha14_166a,dtag,Jan Mayen,322.4,155.581246,1.134972921,0.887999137,-0.647005258,0.532559854,0.173738285,0.963333333,1.24,0.531474321,0.092277158,1.564912786,0.132094942
ha14_166a,dtag,Jan Mayen,197,74.540996,1.413650314,0.557815903,-0.953941448,0.251290218,0.160722625,0.66,NA,0.870112886,0.073396319,1.239703372,0.035063832
ha14_174a,dtag,Jan Mayen,2442.4,435.922817,0.540438416,0.266927185,-0.211807536,0.282199309,0.109672105,6.123333333,5.456666667,0.945923728,0.100987706,3.033345809,0.524199613
ha14_174a,dtag,Jan Mayen,1628.4,453.169408,0.861311563,0.653461939,-0.647231353,0.536507098,0.155099988,9.866666667,2.55,0.405701785,0.056987279,1.34383529,0.13735048
ha14_174a,dtag,Jan Mayen,1250.6,237.386922,0.959872053,0.536878542,-0.663765553,0.430118074,0.074081462,11.07666667,2.173333333,0.161852714,0.016114797,0.958140691,0.141132453
ha14_174a,dtag,Jan Mayen,891.8,152.758334,0.530569542,0.549985813,-0.389540451,0.38666867,0.051601344,6.85,2.823333333,0.184487499,0.013737878,0.778121212,0.261279275
ha14_174a,dtag,Jan Mayen,1228.8,343.514952,0.918132131,0.643196956,-0.60108863,0.477020896,0.108295575,7.613333333,4.343333333,0.370688894,0.066704926,1.018741642,0.234395033
ha14_174a,dtag,Jan Mayen,1289.6,353.601956,0.768358678,0.719428737,-0.507031978,0.435554598,0.162234872,8.01,2.3,0.874926558,0.435349483,1.133799388,0.146358723
ha14_174a,dtag,Jan Mayen,42.4,14.805954,1.023045242,0.769755854,-0.890546373,0.342555407,0.142766413,0.23,3.453333333,0.824880384,0.028647394,2.256584785,0.080970409
ha14_174a,dtag,Jan Mayen,1039.8,330.27768,1.677815346,1.854678633,-0.983586117,1.078223403,0.221490393,12.02,6.606666667,0.449445946,0.581522243,2.244972379,0.185389993
ha14_174a,dtag,Jan Mayen,979.2,470.080115,1.118207785,0.754726351,-0.684102601,0.529177459,0.287270474,1.54,5.523333333,0.716377412,0.552341398,2.562116412,0.115257865
ha14_174a,dtag,Jan Mayen,2374,513.949899,1.221644477,0.228005335,-0.744187213,0.184895162,0.208781998,1.656666667,3.216666667,0.821615878,0.344797042,2.149113407,0.106404197
ha14_174a,dtag,Jan Mayen,1063,261.717497,1.156709548,0.500084544,-0.911301762,0.490187965,0.133914587,7.1,2.73,0.089921624,0.010738875,1.53812696,0.116081033
ha14_174a,dtag,Jan Mayen,1063.8,125.603061,0.423908905,0.350507635,-0.429613061,0.38258887,0.051370788,8.46,3.823333333,0.088976991,0.008954714,0.747600107,0.174698423
ha14_174a,dtag,Jan Mayen,209.2,27.148564,0.2777475,0.388335892,-0.276830857,0.196386363,0.04078948,1.113333333,2.26,0.156421689,0.011966723,0.816116605,0.30929478
ha14_174a,dtag,Jan Mayen,662.8,108.757124,0.192078599,0.752652989,-0.301274855,0.381396376,0.096221605,0.963333333,0.216666667,0.499893208,0.119131472,1.336657018,0.281573875
ha14_174a,dtag,Jan Mayen,73.4,25.913446,1.176683563,0.558060787,-0.414290959,0.218246043,0.04867352,0.28,1.06,0.151981503,0.112690675,1.389416224,0.259573843
ha14_174a,dtag,Jan Mayen,493,131.169856,0.501511819,0.633943801,-0.390653935,0.376203756,0.099612351,1.576666667,2.623333333,0.562046526,0.085079216,3.003264583,0.158491466
ha14_174a,dtag,Jan Mayen,931,358.164537,1.341889053,0.873476457,-0.690269585,0.393804749,0.163729814,5.926666667,NA,0.352831752,0.429430044,1.521907973,0.157667093
ha14_174b,dtag,Jan Mayen,273,114.112394,1.772812278,0.684015599,-0.842776838,0.373799731,0.12328405,1.286666667,0.59,0.793799083,0.076169187,0.97132778,0.059737722
ha14_174b,dtag,Jan Mayen,87.8,47.279694,1.518589474,1.189085794,-0.718110603,0.526846801,0.167565131,0.456666667,0.003333333,0.923630641,0.241748391,1.280836391,0.091201917
ha14_174b,dtag,Jan Mayen,733.2,165.611305,1.170103762,0.288950916,-0.722490381,0.073604211,0.072532338,2.083333333,2.083333333,0.437787359,0.046741676,1.707230654,0.05242425
ha14_174b,dtag,Jan Mayen,860.6,180.784415,0.555799414,0.408102092,-0.737971045,0.238711105,0.165761187,3.45,0.936666667,0.391989589,0.07611144,0.941559647,0.202571292
ha14_174b,dtag,Jan Mayen,62.4,39.542226,1.203196135,1.669247353,-0.857770624,0.809909601,0.368996837,0.233333333,1.406666667,0.452313857,0.239458727,0.690792173,0.157053532
ha14_174b,dtag,Jan Mayen,915.2,202.176759,0.468186343,0.439043536,-0.354574195,0.331560451,0.078496324,2.6,2.803333333,0.892190003,0.073659357,2.244557048,0.153178947
ha14_174b,dtag,Jan Mayen,908,195.112542,0.330266319,0.577043139,-0.035329936,0.317825709,0.105986722,2.05,1.006666667,0.639604318,0.15349413,1.216587441,0.14737556
ha14_174b,dtag,Jan Mayen,575.6,161.466052,0.806264191,0.49494633,-0.510025094,0.266201469,0.09481023,2.116666667,2.5,0.423368455,0.03547711,1.443549798,0.155693254
ha14_174b,dtag,Jan Mayen,838.8,145.103987,0.825389151,0.216527914,-0.627265379,0.024518432,0.047635049,1.966666667,4.92,0.074279376,0.015108547,1.220460307,0.130981275
ha14_174b,dtag,Jan Mayen,1124.8,423.595732,0.536000769,1.254043964,-0.321563503,0.988634121,0.259161688,2.756666667,1.823333333,0.858002214,0.669822698,1.035172718,0.233662568
ha14_174b,dtag,Jan Mayen,85.6,39.280247,1.401446777,0.873972487,-1.066013198,0.357093716,0.198660059,0.383333333,4.36,0.194980872,0.011921088,2.095965991,0.080257124
ha14_174b,dtag,Jan Mayen,1635.8,474.80042,0.463814708,0.615814136,-0.304661329,0.338278204,0.285992451,1.806666667,3.48,0.958169807,0.499001814,1.835147338,0.15881339
ha14_174b,dtag,Jan Mayen,112.4,34.745326,1.005623557,0.511046027,-0.803460772,0.221392491,0.110495702,0.406666667,0.15,0.02355564,0.025786063,1.370727396,0.089388856
ha14_174b,dtag,Jan Mayen,84.4,22.496187,0.398921189,0.911116215,-0.150072654,0.425923938,0.050482984,0.24,2.27,0.304087018,0.132272723,1.383140339,0.119439903
ha14_174b,dtag,Jan Mayen,2385,961.826116,1.246596973,1.106595212,-0.935630489,0.768331843,0.288367482,16.49333333,3.196666667,0.685730053,0.690776197,2.047834336,0.201299494
ha14_174b,dtag,Jan Mayen,846.6,133.458414,0.596783506,0.424216896,-0.628478688,0.344611507,0.079034247,6.46,2.176666667,0.245952008,0.016988407,1.061132718,0.104113638
ha14_174b,dtag,Jan Mayen,69.8,29.45172,1.431092108,0.756921078,-0.971667287,0.434342683,0.166412478,0.333333333,0.6,0.366411574,0.01760167,0.632372848,0.264558624
ha14_174b,dtag,Jan Mayen,156,17.291946,0.115318885,0.692905694,-0.056513731,0.2832128,0.016205037,0.24,1.176666667,0.020201583,0.079112384,1.414317162,0.136988032
ha14_174b,dtag,Jan Mayen,49.8,27.584044,1.619917286,1.105270794,-1.024148614,0.605522403,0.252502884,0.243333333,2.066666667,0.036122494,0.498769681,2.100001476,0.231332756
ha14_174b,dtag,Jan Mayen,2412.2,837.654748,1.460629926,1.101874024,-1.07524561,0.852627435,0.278444971,21.3,3.443333333,0.987514899,0.686960112,1.689608687,0.153855001
ha14_174b,dtag,Jan Mayen,734.4,112.612314,0.420582555,0.462557005,-0.410999781,0.274797948,0.040738495,4.966666667,2.11,0.013934203,0.007424475,1.073745289,0.097008814
ha14_174b,dtag,Jan Mayen,621.6,67.664981,0.204783203,0.822412923,-0.395048372,0.368710048,0.04094559,4.61,1.843333333,0.071848265,0.042560294,0.603513821,0.256190488
ha14_174b,dtag,Jan Mayen,333.8,41.500941,0.652496723,0.552512508,-0.396096021,0.283306537,0.032552721,3.626666667,2.503333333,0.314448721,0.040056076,0.840868507,0.320395187
ha14_174b,dtag,Jan Mayen,2015.6,845.405051,1.623984941,0.72801427,-0.808025183,0.244110885,0.204483491,9.763333333,1.53,0.482314895,0.62336548,1.390298163,0.202575761
ha14_174b,dtag,Jan Mayen,79.2,38.24703,1.798359118,0.893099779,-0.950553342,0.330213856,0.130977851,0.436666667,1.263333333,0.706853563,0.080937653,1.694375398,0.074977071
ha14_174b,dtag,Jan Mayen,58.4,11.611053,0.566170179,0.378030447,-0.224137666,0.173037473,0.020852871,0.286666667,1.356666667,0.1361737,0.127417022,1.909006752,0.105720404
ha14_174b,dtag,Jan Mayen,778.4,141.352494,0.270057869,0.610267299,-0.341020716,0.32177328,0.105175765,2.403333333,3.216666667,0.387581244,0.101394366,2.143638817,0.200381455
ha14_174b,dtag,Jan Mayen,2535.8,803.386518,1.482423806,0.602513434,-1.169565819,0.452856058,0.245586,15.69333333,3.25,0.643699126,0.611745624,1.270864728,0.152652536
ha14_174b,dtag,Jan Mayen,851.2,175.940137,0.791434433,0.742372828,-1.034491757,0.389800453,0.137004021,7.693333333,2.596666667,0.216749813,0.012231709,1.390362776,0.109513712
ha14_174b,dtag,Jan Mayen,313,96.707537,1.136935789,0.486007497,-1.107771161,0.063717156,0.135441974,1.213333333,3.433333333,0.444928335,0.228383797,0.71432814,0.205561085
ha14_174b,dtag,Jan Mayen,1204.2,383.215235,1.385038736,0.389048132,-0.64157616,0.121103068,0.144359992,2.203333333,1.446666667,0.744930974,0.731670071,1.602020662,0.144457292
ha14_174b,dtag,Jan Mayen,57.4,33.441994,1.65181881,1.113787992,-0.49304463,0.547749571,0.109622157,0.256666667,5.76,0.530065886,0.026672548,2.463896004,0.095094255
ha14_174b,dtag,Jan Mayen,2393,898.230117,0.807488878,0.644800942,-0.553190528,0.461871856,0.196356693,4.436666667,2.1,0.488737778,0.497912815,2.285792792,0.164466485
ha14_174b,dtag,Jan Mayen,582.6,135.906028,0.443752859,0.644922399,-0.336874316,0.42099241,0.112133851,2.396666667,3.123333333,0.58915257,0.010058314,1.300223834,0.101580008
ha14_174b,dtag,Jan Mayen,2506.2,814.468905,1.156907117,0.948816488,-0.828567525,0.676286173,0.263839808,19.63666667,2.13,0.515863246,0.709677897,1.062869209,0.144441566
ha14_174b,dtag,Jan Mayen,632.6,140.534535,0.762102264,0.695616459,-0.624408919,0.446583786,0.092336682,5.076666667,3.88,0.128558659,0.017645505,1.377907302,0.113391557
ha14_174b,dtag,Jan Mayen,448,96.952726,0.497921873,0.564780206,-0.678862414,0.550459997,0.153283392,2.293333333,3.266666667,0.229548166,0.189065969,0.92691382,0.202041461
ha14_174b,dtag,Jan Mayen,2127.2,809.923463,0.962484919,0.767092339,-0.574679864,0.653950548,0.252683584,8.58,2.383333333,0.571367411,0.6431154,1.185168117,0.1641408
ha14_174b,dtag,Jan Mayen,157.4,47.33651,0.816089393,0.659028783,-0.516998386,0.463754208,0.10151268,0.79,2.94,0.582753618,0.007243028,1.536766892,0.08257717
ha14_174b,dtag,Jan Mayen,989.2,316.172768,0.509335313,1.132015597,-0.220992015,0.579266217,0.181959765,3.733333333,1.436666667,0.954338989,0.567803881,1.539599456,0.133433204
ha14_174b,dtag,Jan Mayen,56.2,16.715371,0.888027319,0.448760188,-0.365076189,0.217948407,0.045014689,0.176666667,2.17,0.499281358,0.023885479,2.616317126,0.094792644
ha14_174b,dtag,Jan Mayen,628,267.588783,0.62157125,1.51758976,-0.296462347,0.958503131,0.244630644,1.863333333,3.893333333,0.687757918,0.390247784,2.464182838,0.176967065
ha14_174b,dtag,Jan Mayen,2437.2,1096.468164,1.017281886,0.736753911,-0.65171461,0.455508047,0.232399339,4.26,NA,0.67528048,0.528684245,2.222274584,0.083000628
ha14_175a,dtag,Jan Mayen,567,126.330948,0.920642838,0.800519575,-0.921007433,0.446461905,0.231034714,5.27,1.25,0.771126505,0.383592056,2.419609285,0.194681122
ha14_175a,dtag,Jan Mayen,254,91.143705,1.929934701,0.564396684,-0.989282841,0.119610322,0.21182272,1.28,3.57,0.734154616,0.321903913,2.020135893,0.12584631
ha14_175a,dtag,Jan Mayen,1266.4,193.703882,0.191087182,0.625541798,-0.681968557,0.625838761,0.330761382,2.366666667,2.446666667,0.685843351,0.246533996,1.854167008,0.221201765
ha14_175a,dtag,Jan Mayen,181.2,28.248433,0.399572874,0.277540486,-0.772398504,-0.409874023,0.207252079,0.58,0.196666667,0.897990211,0.316667638,0.874300314,0.162194566
ha14_175a,dtag,Jan Mayen,638,125.883295,0.849679619,0.416286838,-0.815207069,0.425676526,0.314788388,4.256666667,4.62,0.788313863,0.401538825,1.24902721,0.184939568
ha14_175a,dtag,Jan Mayen,948,296.874546,1.849833138,0.463726575,-1.310179977,0.280364055,0.230163939,4.46,1.003333333,0.466493089,0.400924468,1.232616311,0.17964746
ha14_175a,dtag,Jan Mayen,38,12.078187,0.842523387,0.734823,-0.466328191,0.353261767,0.0760635,0.196666667,3.38,0.668475547,0.005950044,1.498220595,0.155571001
ha14_175a,dtag,Jan Mayen,1080.6,347.918335,0.705389635,0.841956891,-0.541524723,0.577443089,0.231313938,5.166666667,6.696666667,0.719585256,0.666017047,2.10622692,0.15315618
ha14_175a,dtag,Jan Mayen,2442.2,709.805804,0.860373184,0.743021218,-0.701091354,0.664643969,0.237861445,15.48333333,1.32,0.532809107,0.512765118,1.91093004,0.135901245
ha14_175a,dtag,Jan Mayen,49.6,15.495374,1.043133984,0.595833393,-0.72758981,0.299969458,0.129655624,0.243333333,1.89,0.431207363,0.027783365,1.176579826,0.108968574
ha14_175a,dtag,Jan Mayen,765.4,107.655987,0.159476639,0.728814522,-0.044380005,0.407603627,0.026564378,1.086666667,2.463333333,0.146130527,0.00615623,2.290083966,0.191779191
ha14_175a,dtag,Jan Mayen,815,174.343514,0.744926256,0.422689047,-0.316699618,0.2628505,0.038724347,4.426666667,1.813333333,0.087269881,0.010291885,1.6825815,0.211439634
ha14_175a,dtag,Jan Mayen,736.6,125.436761,0.661150756,0.319824459,-0.38873214,0.167704499,0.033096015,4.04,2.086666667,0.084399364,0.008577279,1.174926699,0.180024565
ha14_175a,dtag,Jan Mayen,766.2,112.266626,0.316804847,0.286872935,-0.257949294,0.088884041,0.037180484,2.213333333,4.3,0.023630999,0.011927656,1.015761253,0.203898841
ha14_175a,dtag,Jan Mayen,1488.2,231.654417,1.028003659,0.397212506,-0.473133824,0.316302522,0.100522414,13.35333333,3.003333333,0.50611173,0.437758553,1.175448652,0.25430581
ha14_175a,dtag,Jan Mayen,393.6,117.664445,0.537955602,0.813111244,-0.328103228,0.703289136,0.190323673,1.41,0.656666667,0.641723096,0.136095156,1.366361899,0.124402651
ha14_175a,dtag,Jan Mayen,43.6,14.195168,0.97706879,0.642158883,-0.831732228,0.311761393,0.155736137,0.21,2.44,0.521642209,0.020309647,1.001448992,0.100585063
ha14_175a,dtag,Jan Mayen,140,44.096433,0.781543792,0.71002089,-1.004926669,0.493920636,0.246390517,0.656666667,1.956666667,0.901310757,0.006072421,2.021010795,0.152000013
ha14_175a,dtag,Jan Mayen,1370.6,587.177415,1.300543489,1.347031827,-0.747362183,0.659028388,0.178380974,10.27333333,3.323333333,0.318699217,0.529360593,1.532825928,0.101398636
ha14_175a,dtag,Jan Mayen,644,230.325077,0.509840429,2.035441331,-0.237627478,1.133316507,0.198543881,2.73,5.146666667,0.684296059,0.608456123,1.665538818,0.111363061
ha14_175a,dtag,Jan Mayen,857.2,423.696753,0.991982146,1.169855409,-0.506736378,0.897942299,0.323192307,3.1,2.513333333,0.643030475,0.666840491,2.599740683,0.133200395
ha14_175a,dtag,Jan Mayen,44.4,12.552767,1.102220102,0.608046818,-0.5172239,0.400804986,0.075651584,0.286666667,7.72,0.310926695,0.138547351,2.261266154,0.065892867
ha14_175a,dtag,Jan Mayen,813.2,359.972516,0.777972336,1.523145866,-0.359606218,0.917581606,0.260587094,3.643333333,5.636666667,0.553227978,0.64233158,2.071792517,0.186840059
ha14_175a,dtag,Jan Mayen,732.6,277.776988,1.184094314,0.978337411,-0.59374596,0.621268682,0.229397054,4.863333333,2.693333333,0.63770758,0.676180001,1.935208831,0.10273291
ha14_175a,dtag,Jan Mayen,677.8,333.413967,2.396328438,2.038164691,-1.223659111,1.198771297,0.343122246,7.01,5.056666667,0.63989043,0.556446477,1.98675887,0.08678894
ha14_175a,dtag,Jan Mayen,2889.2,915.741133,0.647692561,0.64012079,-0.316376668,0.558454921,0.174732374,7.856666667,3.34,0.715470805,0.506477522,2.239675746,0.09985053
ha14_175a,dtag,Jan Mayen,930.6,209.978344,0.378297168,0.548804117,-0.425859409,0.329665434,0.101038272,2.23,3.023333333,0.287868759,0.017479794,1.131135428,0.073368739
ha14_175a,dtag,Jan Mayen,549,101.867096,0.520948273,0.492586849,-0.403364973,0.30577556,0.052214777,3.453333333,4.83,0.318195771,0.009951426,0.969678981,0.174652303
ha14_175a,dtag,Jan Mayen,505.6,218.221712,0.953605579,0.736408598,-0.541703187,0.237972027,0.138675233,0.983333333,2.283333333,0.395033561,0.402880199,1.118147094,0.18919092
ha14_175a,dtag,Jan Mayen,653,236.430136,1.496091183,0.857458205,-0.820575621,0.478748095,0.198048033,4.736666667,3.646666667,0.478608491,0.467081003,1.809936568,0.07489366
ha14_175a,dtag,Jan Mayen,37,12.356028,1.011532404,0.707009733,-0.649431369,0.278540652,0.086008191,0.196666667,3.01,0.632517349,0.016993329,2.002912398,0.105819384
ha14_175a,dtag,Jan Mayen,1043.8,276.09417,1.260655215,0.703638654,-0.661420408,0.417420278,0.179928644,8.736666667,6.18,0.890766049,0.526095607,2.114905502,0.149172787
ha14_175a,dtag,Jan Mayen,104.2,28.525114,0.442222891,0.820103041,-0.228103356,0.340797442,0.050592559,0.33,0.75,0.02216106,0.150341042,2.048438555,0.109072067
ha14_175a,dtag,Jan Mayen,55.2,20.741834,1.406378968,0.60731411,-0.518784464,0.177061807,0.051283777,0.226666667,0.003333333,0.018954594,0.035184279,1.773289763,0.165460225
ha14_175a,dtag,Jan Mayen,659.6,190.214668,0.661803547,1.384734092,-0.241577907,0.568494475,0.075396769,4.976666667,1.56,0.04464761,0.041848537,1.922198814,0.063417581
ha14_175a,dtag,Jan Mayen,1072.4,286.967512,0.633201375,0.624983599,-0.420339504,0.273488088,0.062259778,4.946666667,4.833333333,0.138680081,0.162138209,1.219511843,0.103159863
ha14_175a,dtag,Jan Mayen,1383.6,221.370424,1.472890243,0.307441872,-0.769116291,0.209030516,0.115172239,10.73666667,2.84,0.462279788,0.109550373,1.475806007,0.125489347
ha14_175a,dtag,Jan Mayen,34.8,12.89987,1.076323922,0.810849779,-0.710819248,0.305625502,0.104856373,0.186666667,3.59,0.384766303,0.003364005,1.049727346,0.121051077
ha14_175a,dtag,Jan Mayen,3470.4,837.850006,1.188036945,0.455781805,-0.709725126,0.350295363,0.147359675,21.80666667,2.836666667,0.39034724,0.50547126,1.895471726,0.180016001
ha14_175a,dtag,Jan Mayen,1082,221.063882,0.638663889,0.468265503,-0.646566142,0.49013696,0.113606977,6.44,3.093333333,0.2523595,0.019556999,0.982868213,0.109071786
ha14_175a,dtag,Jan Mayen,1056.8,169.418349,0.398914917,0.408975333,-0.511099741,0.406847388,0.099119278,5.733333333,2.976666667,0.21368511,0.005534538,0.723905261,0.164652381
ha14_175a,dtag,Jan Mayen,1226.6,174.997944,0.412472178,0.403557499,-0.491392366,0.254338538,0.063418448,8.29,NA,0.113313526,0.02440177,0.653860263,0.230219649
ha13_248a,dtag,Gully,178,34.997098,0.937302659,0.2107372,-0.859067062,-0.131355703,0.108292516,0.326666667,2.883333333,0.563855245,0.061030737,19.23148766,0
ha13_248a,dtag,Gully,336,103.682424,0.658503574,0.686826995,-0.745639549,0.478476107,0.191686079,1.276666667,2.156666667,0.211994462,0.085708884,2.200355268,0.117701815
ha13_248a,dtag,Gully,2230.8,789.390217,1.275134175,1.127785635,-0.974062975,1.159607257,0.327295916,18.49666667,7.156666667,0.670690857,0.536385471,1.725280653,0.065105283
ha13_248a,dtag,Gully,1124.6,182.416944,0.171749675,1.084267193,0.065402459,0.641259264,0.176304435,1.493333333,3.486666667,0.146878089,0.212941543,1.544317621,0.071265325
ha13_248a,dtag,Gully,1059,164.364699,0.357265008,0.576429049,-0.485584475,0.550358925,0.105363483,7.076666667,2.566666667,0.05804705,0.061074372,1.477538272,0.090193439
ha13_248a,dtag,Gully,1076.2,164.276629,0.31426396,0.505957013,-0.040625615,1.202040464,0.224598346,5.996666667,NA,0.406136166,0.43029204,0.933765247,0.108843087
ha07_218a,dtag,Gully,2243,362.242539,1.469646861,0.554660499,-1.052312573,0.694668723,0.193400402,24.63333333,64.11,0.298508041,0.257684707,0.630052585,0.205210624
ha07_218a,dtag,Gully,547.4,11.238897,0.017831195,0.470539747,0.057410586,-0.232175349,0.018117102,1.363333333,2.586666667,0.046538647,0.03076267,2.002720861,0.195684452
ha07_218a,dtag,Gully,664.4,10.079201,0.011858261,0.111711975,0.06106819,-0.139605776,0.0177752,0.766666667,9.876666667,0.223308422,0.026278872,1.775351676,0.29508494
ha07_218a,dtag,Gully,2728.2,535.836312,0.607762282,0.397814364,-0.676941285,0.376311601,0.175550253,13.92333333,2.946666667,0.28675285,0.516304981,1.501578479,0.30927606
ha07_218a,dtag,Gully,1378.8,299.005904,0.530988969,0.431847576,-0.589957634,0.31106263,0.140760371,5.183333333,38.56666667,0.240012404,0.440254559,0.977100481,0.174083777
ha07_218a,dtag,Gully,171.4,10.268741,0.157968392,0.059308973,-0.154572879,-0.000778525,0.018957811,0.156666667,45.63333333,0.17555025,0.011555096,1.352149619,0.240639451
ha07_218a,dtag,Gully,1670.4,375.246877,1.188992005,0.339813545,-0.833918584,0.342150763,0.143123905,7.743333333,7.986666667,0.610432967,0.258103192,1.730314411,0.289218863
ha07_218a,dtag,Gully,798.2,183.549721,0.959844445,0.420881744,-0.654720767,0.359251869,0.166311351,4.42,12.30666667,0.489357371,0.488102645,1.298499219,0.184725862
ha07_218a,dtag,Gully,1996.6,597.626674,0.639541061,0.65949399,-0.581530994,0.511553392,0.227921044,7.2,NA,0.505979974,0.625453147,1.32497961,0.239403023
6-Sep,mtag,Gully,218.625,51,1.283809524,0.267145136,-0.588264826,0.243053522,0.061156472,0.4875,2.24375,0.503896214,0.133410813,4.532623605,0.061425941
6-Sep,mtag,Gully,433.125,90,0.766793409,0.281149425,-0.572334331,0.32628863,0.100204308,1.046875,2.284375,0.594651961,0.091477548,1.376466262,0.057523885
6-Sep,mtag,Gully,918.1875,295,1.210558069,0.596514745,-0.670974874,0.642375016,0.150199266,4.859375,19.434375,0.296614406,0.245212084,1.367427457,0.067977228
6-Sep,mtag,Gully,1284.375,207.4375,0.528312571,0.246226084,-0.311624276,0.468917453,0.087688841,4.021875,4.909375,0.501665889,0.330756362,1.463266243,0.06178875
6-Sep,mtag,Gully,1120.5,210.5,0.682287912,0.401547117,-0.405097624,0.586720171,0.094128731,6.9375,3.903125,0.75274426,0.17764414,1.429218152,0.055211673
6-Sep,mtag,Gully,1218.1875,233,0.646421268,0.291562355,-0.361900804,0.493677304,0.105547581,3.978125,5.21875,0.575934796,0.088750521,1.397007299,0.05458045
6-Sep,mtag,Gully,650.0625,52.84375,0.861714976,0.074604691,-0.569418319,0.299368104,0.036651871,0.159375,2.08125,0.839961047,0.048391848,1.383437903,0.059377678
6-Sep,mtag,Gully,270,13.5,0.367579909,0.108031272,-0.344536576,0.211784555,0.01814895,2.58125,9.90625,0.881834465,0.002361099,1.155197952,0.070832325
6-Sep,mtag,Gully,2056.125,908,1.469021287,0.851920822,-0.578275408,0.898212714,0.242345888,10.409375,1.478125,0.458106244,0.274238113,1.039871388,0.066675705
6-Sep,mtag,Gully,88.875,12,0.41475827,0.324561404,-0.369082087,0.217131181,0.029828139,0.6,0.85,0.814480942,0.001092365,1.740126991,0.031842818
6-Sep,mtag,Gully,94.875,13,0.439655172,0.362365591,-0.361256738,0.258827216,0.031289408,0.7375,1.803125,0.242677648,0.006366551,1.408556674,0.071045576
6-Sep,mtag,Gully,1399.6875,390.4375,0.527811065,1.057680813,-0.3181942,0.696008094,0.133328248,7.671875,1.396875,0.2515646,0.105901105,1.340464152,0.060710988
6-Sep,mtag,Gully,62.25,10.5,0.512048193,0.344282238,-0.305306867,0.218815964,0.028433225,0.353125,1.584375,0.075180557,0.000780432,1.569943928,0.054624305
6-Sep,mtag,Gully,842.4375,137.9375,0.31119403,0.368150346,-0.059507215,0.526150793,0.090395831,2.496875,5.309375,0.521278521,0.103755973,1.346419524,0.072891836
6-Sep,mtag,Gully,520.5,14.5,0.087175793,0.108614232,0.048030839,0.251597084,0.019404796,4.840625,1.959375,0.804684303,0.00958742,1.405144385,0.066466812
6-Sep,mtag,Gully,775.875,23.96875,0.052506775,0.13794604,0.200514265,0.370565965,0.026306686,4.390625,2.73125,0.161618831,0.007897966,1.077009071,0.072840141
6-Sep,mtag,Gully,276.1875,15.9375,0.234265734,0.090531967,-0.198399587,0.050036104,0.027561983,1.578125,1.834375,0.600763675,0.009083079,1.165359351,0.081753791
6-Sep,mtag,Gully,881.0625,55.96875,0.389227642,0.064836298,-0.330741788,0.246920676,0.038175789,0.515625,3.4,0.588378178,0.042817359,1.126500076,0.074514563
6-Sep,mtag,Gully,1209,269.5,0.380378028,0.757575758,-0.240869943,0.794599402,0.138617209,5.159375,0.85625,0.33697768,0.256571317,1.203036108,0.076124287
6-Sep,mtag,Gully,566.0625,181.5,0.724867725,0.898249453,-0.529796149,0.692133243,0.181885641,3.0375,2.825,0.306396735,0.528020029,1.357671545,0.057260674
6-Sep,mtag,Gully,570.375,151.96875,0.493791786,0.798764002,-0.290030295,0.730357626,0.151788738,2.45,4.9625,0.144529338,0.426028261,1.672543958,0.053721642
6-Sep,mtag,Gully,1150.875,236.5,0.314612277,0.635522388,-0.205716615,0.727406966,0.113186276,3.378125,6.003125,0.289487637,0.393602209,1.280664651,0.076829104
6-Sep,mtag,Gully,1106.0625,217,0.360185524,0.603719599,-0.194904716,0.653386134,0.090751434,4.80625,10.3625,0.397555749,0.402064615,1.18228993,0.073702538
6-Sep,mtag,Gully,2273.8125,1430.46875,1.771948998,1.105569764,-0.808560156,1.04065842,0.387530363,8.134375,5.35625,0.903245545,0.623271121,1.088356834,0.070638904
6-Sep,mtag,Gully,217.875,11.5,0.307692308,0.177342823,-0.247239399,0.280877843,0.018669596,2.228125,3.909375,0.845270348,0.00606794,1.974037152,0.026030001
6-Sep,mtag,Gully,885.375,187.96875,0.475051585,0.532132322,-0.265767717,0.703721609,0.101639385,4.2625,3.778125,0.130987082,0.084754777,1.349166612,0.069376813
6-Sep,mtag,Gully,1162.6875,313,0.585084466,0.604522184,-0.31104989,0.736058134,0.130038371,4.471875,3.5625,0.049759706,0.073354837,1.249360568,0.070134674
6-Sep,mtag,Gully,1072.6875,170.90625,0.329551941,0.533654951,-0.083033475,0.675558128,0.071528225,6.046875,3.665625,0.574608896,0.357663353,1.343789014,0.054454434
6-Sep,mtag,Gully,1094.8125,181.5,0.393719807,0.419639823,-0.210661224,0.546543549,0.06650563,5.65,3.4625,0.458929317,0.107505802,1.125229011,0.081783072
6-Sep,mtag,Gully,1140.5625,180.5,0.396894711,0.524070492,-0.216582868,0.731265359,0.097175334,7.725,4.6625,0.409102401,0.111551455,1.19023177,0.069643371
6-Sep,mtag,Gully,1344.5625,227.96875,0.324776903,0.560721407,-0.232400258,0.676977962,0.095401733,6.74375,4.865625,0.798530359,0.337066403,1.165632977,0.072174092
6-Sep,mtag,Gully,1261.6875,247.5,0.413856984,0.48726299,-0.285133487,0.486920158,0.074126995,5.4,4.76875,0.396195664,0.170156254,1.035008953,0.075500544
6-Sep,mtag,Gully,1226.25,240,0.567904463,0.459390863,-0.397545917,0.591519227,0.103990374,7.078125,3.834375,0.134168989,0.184568844,1.144320928,0.069620684
6-Sep,mtag,Gully,1275.1875,232.5,0.396476047,0.450569801,-0.282100944,0.593746407,0.086883699,5.6375,4.83125,0.097736445,0.173637342,1.200064067,0.063867967
6-Sep,mtag,Gully,1226.25,215.5,0.417664671,0.469711616,-0.292170372,0.541218545,0.077110394,6.66875,5.046875,0.094632358,0.210141599,1.165738454,0.071039745
6-Sep,mtag,Gully,1339.6875,227,0.390470767,0.525319693,-0.277835195,0.541883797,0.068484915,7.990625,6.43125,0.083204706,0.21033454,1.224550472,0.076946658
6-Sep,mtag,Gully,1436.0625,287.46875,0.410227992,0.621865517,-0.286032563,0.672385029,0.101967978,7.546875,4.609375,0.272961866,0.250774664,1.231191377,0.076941622
6-Sep,mtag,Gully,1337.4375,332,0.502056927,0.729775828,-0.32109019,0.717676523,0.121555598,6.5125,6.21875,0.175826145,0.325941862,1.11977877,0.075839583
6-Sep,mtag,Gully,1290.9375,324,0.614850652,0.566757141,-0.394935098,0.573385003,0.107711068,6.03125,6.66875,0.16881823,0.300920578,1.178573206,0.06677491
6-Sep,mtag,Gully,1638,450,0.429689694,0.902747009,-0.299009176,0.793664578,0.133409091,5.4125,2.0125,0.27963913,0.249600462,1.304879528,0.060732897
6-Sep,mtag,Gully,174.5625,14,0.471393035,0.148444444,-0.387259562,0.176200428,0.022175245,1.321875,4.278125,0.919746271,0.009953981,1.056925404,0.072481343
6-Sep,mtag,Gully,1197.9375,241,0.383515066,0.730296941,-0.288957566,0.756866586,0.117638562,6.41875,4.53125,0.305880931,0.323938876,1.119763451,0.06326087
6-Sep,mtag,Gully,698.0625,134,0.330164766,0.533363122,-0.142328566,0.566895657,0.085140576,2.3875,32.53125,0.279019929,0.28894723,1.076391239,0.078840573
6-Sep,mtag,Gully,473.4375,16,0.056990089,0.064707628,0.026463529,0.118848749,0.010841108,0.390625,10.171875,0.273695527,0.002558023,1.014278362,0.075125593
6-Sep,mtag,Gully,162.5625,11.5,0.287878788,0.109513274,-0.335963856,0.072977635,0.015279584,0.81875,1.090625,0.731247264,0.002309956,0.907403732,0.07149654
6-Sep,mtag,Gully,346.6875,57.5,0.95802005,0.194824962,-0.657570461,0.219009335,0.063668313,0.84375,9.278125,0.384975774,0.042912046,0.965051704,0.071289063
6-Sep,mtag,Gully,359.25,85.4375,0.876993166,0.561352657,-0.505804643,0.537927404,0.103669976,2.4625,6.475,0.52815116,0.124531015,1.113298666,0.068467206
6-Sep,mtag,Gully,2700.9375,948.96875,2.036283325,0.784524678,-0.875921314,0.775853294,0.211595837,21.278125,9.5875,0.427708491,0.516514664,1.558572799,0.053253511
6-Sep,mtag,Gully,545.4375,93,0.45,0.309205642,-0.27193041,0.532795246,0.091545278,2.009375,6.75625,0.323531066,0.01847109,2.032764237,0.048235134
6-Sep,mtag,Gully,346.125,64.9375,0.37008872,0.403970452,-0.395751684,0.55103183,0.144216592,1.05,13.86875,0.271058832,0.203535637,1.458010586,0.071355502
6-Sep,mtag,Gully,2515.6875,1202,1.409361262,0.951898439,-0.587194514,0.842425911,0.260354615,11.959375,3.671875,0.55415203,0.596660548,1.711096008,0.073176918
6-Sep,mtag,Gully,351,67.5,0.621676892,0.400992332,-0.464606639,0.400264927,0.09598661,2.015625,5,0.39644778,0.311478748,2.241751581,0.031999555
6-Sep,mtag,Gully,291,59.5,0.567596567,0.365258216,-0.411740431,0.299910506,0.06662751,1.178125,3.05,0.517305896,0.100654108,1.795435087,0.069358439
6-Sep,mtag,Gully,144,11.5,0.283809524,0.135701275,-0.39902812,0.051753726,0.02412688,0.7125,0.346875,0.814143242,0.001221459,2.346836945,0.075108782
6-Sep,mtag,Gully,219.9375,12.5,0.116666667,0.103669725,-0.198674249,0.050351194,0.018844042,0.653125,0.65,0.391182436,0.002954351,1.331861706,0.068259386
6-Sep,mtag,Gully,316.6875,84.5,0.453502415,0.615363735,-0.388861049,0.529330458,0.129389272,0.775,2.50625,0.308987173,0.178911459,1.352025667,0.088590695
6-Sep,mtag,Gully,68.625,10.5,0.464401294,0.305732484,-0.37161004,0.080439288,0.024173367,0.334375,NA,0.385610068,0.01143258,1.683725201,0.059564432
7-Aug,mtag,Gully,213.5625,79,1.930630631,0.394894895,-0.658264564,0.383972801,0.244346014,0.209375,0.121875,0.69124146,0.563590421,26.07852081,0.045138889
7-Aug,mtag,Gully,141.1875,52.9375,0.641483516,0.751348436,-0.153396565,0.692475753,0.176895941,0.253125,0.95,0.57515482,0.239659069,2.733412453,0.036926995
7-Aug,mtag,Gully,92.8125,22.4375,0.749354005,0.403433476,-0.47099304,0.111593024,0.06418511,0.41875,0.303125,0.783001836,0.042233641,4.58888744,0.039439451
7-Aug,mtag,Gully,36,13.5,0.581597222,1.066666667,-0.851313978,0.780535279,0.26190066,0.146875,0.00625,0.216384961,0.021279472,2.228201047,0.051203547
7-Aug,mtag,Gully,59.625,14,0.598566308,0.60989011,-0.959956862,0.265189864,0.146534097,0.421875,1.40625,0.026809631,0.00760742,2.439736175,0.049613402
7-Aug,mtag,Gully,732.375,168,0.37968094,0.636869953,-0.500899445,0.666647434,0.219090127,2.265625,1.5,0.688781476,0.364652325,2.383574456,0.069946289
7-Aug,mtag,Gully,333.75,23.5,0.472868217,0.225205071,-0.438516996,0.127554609,0.019648052,3.496875,1.4875,0.188044403,0.124117332,1.180802265,0.058567031
7-Aug,mtag,Gully,334.125,27,0.334795322,0.091487669,-0.445449177,0.071117034,0.088076566,0.575,2.584375,0.169818744,0.455283507,1.643033299,0.07208555
7-Aug,mtag,Gully,31.875,11,0.715517241,0.797619048,-0.573672613,0.329529191,0.092978073,0.178125,0,0.032013253,0.004762839,2.008030703,0.07039335
7-Aug,mtag,Gully,58.6875,12.9375,0.656378601,0.595238095,-0.675086158,0.277456422,0.081116127,0.465625,1.140625,0.028013503,0.009262638,2.062122664,0.064154412
7-Aug,mtag,Gully,35.25,12.5,0.692488263,0.554307116,-0.6391422,0.242542744,0.095110665,0.090625,0.003125,0.059872257,0.007329572,1.677701004,0.061071165
7-Aug,mtag,Gully,41.8125,11,0.608695652,0.53164557,-0.508890103,0.241653499,0.059742108,0.2375,0.175,0.026170737,0.002643192,1.806990442,0.009920635
7-Aug,mtag,Gully,2381.4375,1616.40625,1.701852282,1.207248764,-1.164766695,1.028631438,0.547530521,7.284375,3.525,0.710034969,0.580526015,2.110733321,0.041778674
7-Aug,mtag,Gully,545.8125,21,0.290860215,0.161835749,-0.571983197,-0.247388299,0.00634566,6.40625,1.0875,0.066980969,0.002225481,1.874888389,0.020315099
7-Aug,mtag,Gully,498.9375,116.5,0.438870152,0.77986007,-0.586465772,0.434312123,0.142048103,2.528125,2.06875,0.718293707,0.233545224,1.035424382,0.076259972
7-Aug,mtag,Gully,304.875,56.5,0.324301075,0.442942943,-0.743250089,0.099742372,0.11347958,0.928125,1.48125,0.343490054,0.280777139,1.638833532,0.057036187
7-Aug,mtag,Gully,799.3125,94.9375,0.140454995,0.479331079,-0.279995427,0.336508198,0.106361248,1.075,0.4625,0.781419577,0.303288942,1.237583117,0.0709375
7-Aug,mtag,Gully,299.25,112.96875,0.590277778,1.080155367,-0.38112905,1.087843705,0.249188254,0.815625,1.896875,0.247690033,0.181487576,2.252580826,0.045681251
7-Aug,mtag,Gully,199.875,18.5,0.286340852,0.443262411,-0.204547271,0.455015541,0.026860804,1.915625,1.30625,0.00816042,0.001559244,1.995469263,0.041661938
7-Aug,mtag,Gully,862.6875,17.5,0.150252525,0.125065824,-0.086003982,0.17266606,0.005464143,10.753125,1.7125,0.027655348,0.007496333,1.217265885,0.07637719
7-Aug,mtag,Gully,715.6875,14.5,0.109800363,0.112863327,-0.240316035,0.144523945,0.008571111,8.525,1.678125,0.025062009,0.004538256,0.895112353,0.077648573
7-Aug,mtag,Gully,596.25,18,0.072916667,0.154208754,-0.127006591,0.400928061,0.042353047,4.99375,2.25,0.245106341,0.017516746,0.834765812,0.083027102
7-Aug,mtag,Gully,805.875,16,0.034373934,0.167910448,-0.010355323,0.398395354,0.01377921,6.071875,1.496875,0.483115424,0.011204923,0.852554383,0.077315705
7-Aug,mtag,Gully,1000.125,21,0.031362007,0.04837589,0.006157421,0.163074649,0.014180793,1.95625,1.8125,0.483896608,0.009290523,0.795581189,0.076590957
7-Aug,mtag,Gully,810.1875,18,0.035835351,0.165503876,-0.042985715,0.301843664,0.013914201,5.709375,1.584375,0.14807188,0.012374675,0.825129299,0.077036481
7-Aug,mtag,Gully,978.9375,20,0.04954197,0.049865508,-0.111340589,0.094435232,0.016076672,5.7125,1.971875,0.380260442,0.012122652,0.789524816,0.083827413
7-Aug,mtag,Gully,873.75,23,0.038549209,0.063680281,-0.077840614,0.152466571,0.027294947,2.053125,1.85,0.350507954,0.009141138,0.84370926,0.086135082
7-Aug,mtag,Gully,819.375,16.5,0.050072046,0.161824052,-0.180572503,0.260674453,0.013331463,8.03125,1.646875,0.0609338,0.012330962,0.811323509,0.083890661
7-Aug,mtag,Gully,448.125,17,0.1015625,0.291497976,-0.313017778,0.353713719,0.028239539,4.5,1.34375,0.292840497,0.019106822,0.810680815,0.087170717
7-Aug,mtag,Gully,494.0625,16.96875,0.042774686,0.317730496,-0.100824763,0.272696075,0.012740615,2.45,1.3875,0.133593749,0.009511936,0.793858643,0.087610816
7-Aug,mtag,Gully,270.5625,22.96875,0.110727969,0.228506787,-0.191552623,0.150870476,0.107657301,0.4125,0.2625,0.801267731,0.617257446,1.196100209,0.087680659
7-Aug,mtag,Gully,72.75,23.46875,0.48048048,1.064516129,-0.164655303,0.476222076,0.111549247,0.23125,1.4,0.716334198,0.501387643,6.031948549,0.063379993
7-Aug,mtag,Gully,369,138,1.008401084,0.782291667,-1.022280525,0.42012823,0.211718326,1.73125,1.94375,0.486338198,0.157958411,4.781854707,0.05569677
7-Aug,mtag,Gully,174,17,0.127759382,0.583333333,-0.539240311,0.195687969,0.046714195,0.615625,5.6875,0.210933291,0.0067514,1.385419731,0.029910714
7-Aug,mtag,Gully,213.1875,14,0.1266209,0.599656357,-0.445773774,0.252377699,0.042126867,1.8875,1.625,0.280074535,0.172412574,1.632683482,0.081377365
7-Aug,mtag,Gully,117.5625,16,0.495098039,0.29037037,-0.557377186,-0.010214944,0.027451525,0.834375,0.74375,0.495282888,0.083876195,1.636721234,0.080171243
7-Aug,mtag,Gully,42.1875,12.96875,0.640873016,0.767676768,-0.792009821,0.273770801,0.126692736,0.2375,0.625,0.116689827,0.002161086,1.654853301,0.060513006
7-Aug,mtag,Gully,39.5625,11.5,0.617777778,0.780555556,-0.664010184,0.234625893,0.083510084,0.240625,0.421875,0.177738489,0.001707352,1.739331491,0.036397059
7-Aug,mtag,Gully,2703.375,1640.4375,1.739727096,1.37795689,-1.110355326,1.345665268,0.547438476,14.834375,3.53125,0.863353718,0.974594802,1.916043814,0.044797688
7-Aug,mtag,Gully,129.375,12,0.096729297,0.560283688,-0.074620505,0.528012391,0.048084761,0.36875,3.921875,0.092219516,0.062285514,1.921835731,0.032924251
7-Aug,mtag,Gully,154.6875,20.5,0.361454047,0.207119741,-0.270753822,0.598445967,0.089012095,0.534375,0.89375,0.682563193,0.076206174,1.721397456,0.090006427
7-Aug,mtag,Gully,206.625,15.46875,0.120422098,0.239543726,-0.020640621,0.399722415,0.029219302,0.946875,1.284375,0.638906782,0.027257368,1.255970925,0.062274977
7-Aug,mtag,Gully,258.1875,52.96875,0.34,0.458736299,-0.425882335,0.665669725,0.235981681,0.503125,4.934375,0.808566266,0.099846847,1.253431683,0.075078486
7-Aug,mtag,Gully,32.8125,10.5,0.603375527,0.918300654,-0.339280225,0.644323678,0.100575683,0.14375,0.003125,0.014847989,0.002322084,1.651998836,0.064952639
7-Aug,mtag,Gully,3235.5,1663,1.920402445,1.414446529,-1.082207083,1.315991656,0.435738862,25.003125,4.603125,0.744777005,0.929745141,2.34068009,0.066051136
7-Aug,mtag,Gully,351.375,83.96875,0.709125475,0.525730181,-0.439498578,0.677501042,0.14485936,1.96875,NA,0.662772105,0.258079803,2.087838762,0.036010332
8-Aug,mtag,Gully,91.125,20.55567,1.048054569,0.288082989,-0.338709965,0.182134378,0.032692695,0.284375,2.19375,0.911256891,0.018955604,17.66405149,0.107142857
8-Aug,mtag,Gully,183.75,56.98068,0.839389437,0.521897169,-0.976703236,0.40174446,0.202772029,0.578125,0.675,0.665273659,0.041470896,1.710003562,0.071969697
8-Aug,mtag,Gully,48.9375,12.55372,0.576192162,0.655969984,-0.381861173,0.488561103,0.075927675,0.240625,0.86875,0.442297001,0.003040215,1.270266966,0.040525711
8-Aug,mtag,Gully,174.75,13.54102,0.17602069,0.357115545,-0.138794677,0.271337126,0.019332911,1.296875,0.00625,0.631203412,0.002191889,1.829014746,0.064471243
8-Aug,mtag,Gully,143.0625,17.02344,0.348464957,0.433542698,-0.389549625,0.349883364,0.041543202,1.153125,1.86875,0.837182246,0.003389723,1.055273732,0.090370717
8-Aug,mtag,Gully,130.875,36.535819,0.756591256,0.511489215,-0.671022376,0.481804191,0.14710725,0.525,6.228125,0.507159919,0.049584248,1.336869986,0.09048953
8-Aug,mtag,Gully,2925,1624.65567,1.831877999,1.399955709,-1.099628752,1.270362207,0.477585743,19.76875,12.396875,0.758862638,0.962917808,1.653657025,0.058807135
8-Aug,mtag,Gully,77.4375,30.467166,1.065961756,0.651250431,-0.917726908,0.575069697,0.236659008,0.271875,1.325,0.483876843,0.222164186,1.753868968,0.047156884
8-Aug,mtag,Gully,461.25,133.23749,0.581733438,1.036467574,-0.361994357,0.898124579,0.186797721,2.684375,4.61875,0.788085691,0.156559309,1.833048797,0.060297192
8-Aug,mtag,Gully,582.75,87.569061,0.188126858,0.475989775,-0.033708148,0.286280022,0.041093452,0.678125,0,0.292079733,0.059827782,1.456020699,0.05750857
8-Aug,mtag,Gully,47.25,12.09669,0.686544743,0.637884181,-0.788240532,0.488250345,0.146710314,0.290625,3.778125,0.38287878,0.006797066,1.298701455,0.076717342
8-Aug,mtag,Gully,689.25,21.021856,0.034130784,0.122618071,-0.102118906,0.032977315,0.006591621,0.959375,0.2875,0.248892626,0.005832749,1.824469165,0.091803559
8-Aug,mtag,Gully,156.5625,38.66614,0.518750892,0.431205562,-0.638961512,0.359584425,0.137496835,0.334375,1.615625,0.511848819,0.137054387,0.654500444,0.117461186
8-Aug,mtag,Gully,738,16.54981,0.112444022,0.205687096,-0.308027546,0.209079121,0.015750103,9.346875,NA,0.548343609,0.020751159,1.697893642,0.066267567
11-Aug,mtag,Gully,117.1875,22.39648,0.488342077,0.254802807,-0.221604483,0.092159463,0.031294709,0.059375,0.796875,0.48390761,0.027175765,13.89439773,0
11-Aug,mtag,Gully,76.6875,26.490908,0.882895085,0.551692393,-0.808789046,0.460512786,0.167829076,0.215625,1.021875,0.835674546,0.027352222,2.662264933,0.069353693
11-Aug,mtag,Gully,200.625,20.00879,0.129727175,0.294845801,-0.284370151,0.217663012,0.048156698,0.4375,0.03125,0.349818817,0.017120307,1.479535256,0.062754755
11-Aug,mtag,Gully,56.0625,16.50293,0.617041311,0.586454363,-0.809468751,0.639934247,0.253341363,0.2125,2.55,0.315588041,0.015120417,0.836810496,0.100520833
11-Aug,mtag,Gully,599.0625,20.512452,0.398890435,0.070531603,-0.4462374,0.04331304,0.015856484,5.45,1.409375,0.726815766,0.011941872,1.110217472,0.088649103
11-Aug,mtag,Gully,317.25,19.958678,0.179431754,0.180372981,-0.266964287,0.014162284,0.02960438,2.240625,0.425,0.753356057,0.262070301,0.74896108,0.108183626
11-Aug,mtag,Gully,269.625,25.91899,0.801432253,0.108247715,-0.645451322,-0.030717686,0.039387871,0.828125,1.2375,0.315930581,0.017270146,1.416802184,0.097459655
11-Aug,mtag,Gully,78.375,15.444825,0.405201309,0.465678857,-0.429546764,0.221303883,0.042928077,0.35,0.5125,0.04414601,0.001315957,1.181452421,0.082538168
11-Aug,mtag,Gully,512.0625,17.01465,0.366250582,0.394332343,-0.375702606,0.262151466,0.013242833,7.4,2.3875,0.574480569,0.029921339,0.935048776,0.067439863
11-Aug,mtag,Gully,478.125,18.5,0.079134466,0.393388507,-0.200693096,0.222003072,0.01950053,4.21875,1.20625,0.857561799,0.004727049,1.064154468,0.103397711
11-Aug,mtag,Gully,274.5,20.048776,0.105286572,0.194281621,-0.229835419,0.104771747,0.029316121,0.825,0.99375,0.616168369,0.015823998,0.760545463,0.105160082
11-Aug,mtag,Gully,307.875,18.471497,0.316297778,0.398199526,-0.382981693,0.211185386,0.024911272,3.76875,2.975,0.51682343,0.00734095,0.851741851,0.099537037
11-Aug,mtag,Gully,133.125,19.968567,0.512778605,0.544948108,-0.318137083,0.264939935,0.027574524,1.18125,0.003125,0.473279978,0.009027355,1.275353088,0.088316789
11-Aug,mtag,Gully,1155.5625,21.499267,0.578923845,0.022018242,-0.519628355,-0.010602431,0.008739431,6.078125,0.525,0.459093551,0.021566692,0.93794254,0.087332982
11-Aug,mtag,Gully,42.5625,10.0293,0.528569537,0.562072733,-0.597128077,0.309091516,0.083920795,0.196875,1.2625,0.556337261,0.002658801,0.79514645,0.114066696
11-Aug,mtag,Gully,600.5625,16.60353,0.086482553,0.305035073,-0.102008925,0.242010228,0.008342082,6.846875,1.4625,0.285851739,0.002695319,1.462355086,0.063143819
11-Aug,mtag,Gully,713.625,19.628554,0.340312044,0.236950427,-0.365780497,0.279571514,0.012622108,10.0375,1.421875,0.292731813,0.012755693,0.73486733,0.107753337
11-Aug,mtag,Gully,433.875,18.125074,0.47964374,0.331573918,-0.323233357,0.293658518,0.011078844,5.996875,0.840625,0.382391426,0.01881414,0.663140914,0.109408003
11-Aug,mtag,Gully,233.0625,17.11134,0.514598918,0.627902387,-0.113238763,0.370996621,0.010383749,3.084375,1.23125,0.358656549,0.022449486,0.936305487,0.104227158
11-Aug,mtag,Gully,394.6875,19.616284,0.724592814,0.421552709,-0.446637742,0.256808497,0.013474143,5.578125,1.175,0.075385003,0.001467798,1.763233123,0.099266952
11-Aug,mtag,Gully,578.0625,21.588697,0.321326919,0.147366712,-0.232134677,-0.01712619,0.009715557,6.678125,3.134375,0.027464174,0.001981359,0.909760326,0.104103688
11-Aug,mtag,Gully,2779.6875,1413.375424,1.475135282,0.759224487,-0.899199309,0.552736665,0.355672048,6.375,0.90625,0.351500983,0.651303987,0.819235079,0.103768967
11-Aug,mtag,Gully,43.6875,11.585703,0.636836241,0.672728577,-0.451660288,0.421134731,0.07387126,0.240625,1.05625,0.043708062,0.002045404,1.410909601,0.030315498
11-Aug,mtag,Gully,35.8125,10.090281,0.681223244,0.806284579,-0.369813643,0.401192883,0.055680587,0.225,0.159375,0.035562891,0.002049391,1.559857059,0.058942644
11-Aug,mtag,Gully,61.875,13.58204,0.519174041,0.656211827,-0.268521571,0.351905172,0.033624729,0.415625,0.503125,0.869287484,0.007701453,1.929595872,0.057076446
11-Aug,mtag,Gully,86.4375,18.54688,0.619259969,0.527166819,-0.565256268,0.363226775,0.074414333,0.56875,2.234375,0.100950878,0.004520243,1.325265329,0.075610998
11-Aug,mtag,Gully,113.8125,24.070384,0.4262505,0.989908935,-0.300343358,0.44551785,0.066433906,0.765625,3.353125,0.43385658,0.149746699,1.351167948,0.086256378
11-Aug,mtag,Gully,159.9375,22.62306,0.584003431,0.446924126,-0.430604152,0.400054251,0.056468419,1.4375,0.76875,0.539894306,0.00478657,2.629642128,0.074962798
11-Aug,mtag,Gully,328.875,22.10841,0.415090406,0.110181975,-0.374389109,0.113159876,0.01999207,1.996875,5.26875,0.427726196,0.011133148,1.053135672,0.082830983
11-Aug,mtag,Gully,3166.875,1501.049418,1.951596342,0.968955694,-1.218605668,0.943976052,0.452586532,19.953125,2.20625,0.596209435,0.494437764,1.302514246,0.084774709
11-Aug,mtag,Gully,32.25,10.561164,0.734535385,0.686104914,-0.338006613,0.474029083,0.076449004,0.11875,0.809375,0.093039532,0.003656941,1.14931675,0.028275247
11-Aug,mtag,Gully,665.625,166.635371,0.424006641,0.745490403,-0.215241959,0.758004024,0.145328472,2.365625,1.953125,0.73535232,0.079384273,1.853793736,0.061412413
11-Aug,mtag,Gully,29.625,17.035407,1.245742108,1.029748697,-0.451497203,0.507388471,0.117354184,0.09375,1.459375,0.075690931,0.038424121,1.048202879,0.055471557
11-Aug,mtag,Gully,100.3125,12.019778,0.168458859,0.649233333,0.008507038,0.31029381,0.010583051,0.584375,0,0.40070498,0.063710708,1.756483645,0.06265
11-Aug,mtag,Gully,180.75,18.50879,0.231145532,0.217609811,-0.020001551,0.209749867,0.016694288,0.81875,1.840625,0.757769774,0.063438402,2.160811055,0.09328271
11-Aug,mtag,Gully,99.5625,13.48535,0.404281074,0.405644,-0.22505248,0.232852188,0.020892337,0.7625,0,0.072207662,0.035869701,1.691721047,0.091093851
11-Aug,mtag,Gully,45,12.95898,0.803059733,0.467631193,-0.253200494,0.291769574,0.033727226,0.1625,0.03125,0.146681425,0.017274053,1.926250387,0.083804143
11-Aug,mtag,Gully,36.75,20.00879,1.055247932,1.463940903,-0.397358483,0.481913171,0.093182118,0.175,0,0.543731774,0.049051786,1.440529234,0.06375
11-Aug,mtag,Gully,66.75,12.5586,0.339965905,0.433693109,-0.074658209,0.258274932,0.029579777,0.18125,0.003125,0.747555557,0.013217364,4.213826785,0.044642857
11-Aug,mtag,Gully,139.6875,18.63478,0.330760053,0.231638579,-0.196034226,0.161317703,0.034009076,0.403125,0.98125,0.418909448,0.03989622,1.418201159,0.066701681
11-Aug,mtag,Gully,98.4375,17.000861,0.314435442,0.49068811,-0.128506281,0.160651317,0.034626171,0.503125,1.590625,0.850115254,0.091819451,2.059246302,0.09059254
11-Aug,mtag,Gully,30.5625,11.04102,0.722399838,0.906513021,-0.409681068,0.166802541,0.047419479,0.159375,8.184375,0.402730029,0.038666613,2.859629455,0.082053917
11-Aug,mtag,Gully,22.875,14.050176,1.972387678,0.786104914,-0.642235559,0.272902585,0.086493353,0.075,0.046875,0.78831448,0.032615519,2.114759266,0.080809669
11-Aug,mtag,Gully,33,14.049261,1.409710029,0.542525091,-0.28806363,0.191360211,0.031462892,0.1,0.396875,0.241212398,0.057507829,4.475151264,0.044023723
11-Aug,mtag,Gully,58.3125,14.05274,0.379424658,0.865290286,-0.171371583,0.311318698,0.035534473,0.25,0.5625,0.377438126,0.016749231,2.040077023,0.048576733
11-Aug,mtag,Gully,63.5625,10.02637,0.562058877,0.217688551,-0.240255116,0.045802617,0.011374533,0.25,1.2625,0.184126952,0.013158285,2.478586567,0.051171079
11-Aug,mtag,Gully,55.6875,15.084604,0.859815211,0.356468692,-0.303515804,0.156116644,0.024650856,0.1375,2.3875,0.452812084,0.048610392,1.571529246,0.078692799
11-Aug,mtag,Gully,58.3125,11.026801,0.341566482,0.545707586,-0.06380758,0.201969954,0.011266147,0.275,0.25625,0.845862802,0.021249692,1.938637379,0.085620877
11-Aug,mtag,Gully,42.9375,10.519842,0.520309395,0.600672405,-0.345043529,0.241237759,0.03934571,0.2,0.046875,0.500286867,0.00227932,2.737489799,0.067827608
11-Aug,mtag,Gully,113.625,14.07032,0.367089088,0.356310207,-0.238217861,0.172833031,0.021901885,0.8875,1.815625,0.074436664,0.003579665,1.221150452,0.043160861
11-Aug,mtag,Gully,44.8125,10.04395,0.469799052,0.769801763,-0.25650659,0.335283905,0.032718548,0.284375,0.034375,0.148761141,0.004375907,1.198268502,0.076742839
11-Aug,mtag,Gully,188.4375,10.57911,0.134735678,0.196311609,-0.13746582,0.095754299,0.012949105,1.434375,0.490625,0.194299274,0.017494695,1.105113921,0.093
11-Aug,mtag,Gully,83.0625,12.02637,0.280338566,0.271326625,-0.123410528,0.096298896,0.018690855,0.203125,6.065625,0.64503481,0.013546166,1.25639498,0.094529905
11-Aug,mtag,Gully,33.75,11.463439,0.719283014,1.043938612,-0.399741432,0.367111337,0.059875461,0.196875,0,0.13238442,0.001334573,1.663628565,0.07554268
11-Aug,mtag,Gully,3246.1875,1586.38708,1.675414151,1.187874959,-0.929328205,1.070010745,0.421712432,21.8,0.63125,0.565148252,0.891953498,2.077764383,0.043402778
11-Aug,mtag,Gully,32.625,10.370347,0.851660377,0.631329333,-0.171161592,0.523560325,0.049388987,0.15625,8.021875,0.021907832,0.002221542,1.531786509,0.032513203
11-Aug,mtag,Gully,83.625,13.620011,0.33921352,0.403511283,-0.161254103,0.452454461,0.038229353,0.453125,2.346875,0.676570851,0.005678563,1.700252853,0.08233765
11-Aug,mtag,Gully,43.5,10.62013,0.683923787,0.580119726,-0.362841515,0.53438417,0.074349585,0.26875,0.05625,0.335327487,0.002406122,1.37878743,0.073804302
11-Aug,mtag,Gully,108.9375,10.150895,0.207010984,0.228890294,-0.133776155,0.322682376,0.021037842,0.634375,0.065625,0.233321784,0.007127678,0.712818474,0.064125
11-Aug,mtag,Gully,88.3125,16.6465,0.612700589,0.259562866,-0.175627539,0.297734207,0.035478584,0.290625,5.134375,0.367488175,0.159549483,1.121360146,0.097435631
11-Aug,mtag,Gully,53.625,11.459777,0.550909277,0.411436667,-0.31620605,0.29777476,0.040325694,0.228125,3.3875,0.250139921,0.003778623,1.665259507,0.075597209
11-Aug,mtag,Gully,332.25,106.80884,0.772400641,0.727198209,-0.369354161,0.275640568,0.071389538,1.534375,0.446875,0.702983607,0.140683044,1.221188382,0.07915146
11-Aug,mtag,Gully,38.625,11.241542,0.802402667,0.568116627,-0.540618007,0.163289281,0.049038041,0.20625,2.184375,0.31785316,0.006546705,1.722857962,0.061618799
11-Aug,mtag,Gully,109.5,10.07032,0.211206627,1.076611467,-0.127052856,0.335826226,0.013266032,1.071875,8.940625,0.444656316,0.00894627,1.791050513,0.07503453
11-Aug,mtag,Gully,171.9375,12.983583,0.289893853,0.092412239,-0.183261657,-0.052064742,0.006408348,0.553125,0.265625,0.057824871,0.015282609,2.027818591,0.095555152
11-Aug,mtag,Gully,78.75,11.49219,0.244568854,0.443097905,-0.156718134,0.168274057,0.012738698,0.33125,0.675,0.045314612,0.006468051,1.492312448,0.094716816
11-Aug,mtag,Gully,86.4375,13.46094,0.333719895,0.329401468,-0.251430225,-1.082845201,0.14143588,0.334375,NA,0.424996382,0.3409781,1.723097037,0.079107704
Bnw090797,tdr,Gully,544.4,132,0.526610644,0.462674323,NA,NA,NA,1.443333333,2.076666667,NA,NA,NA,0
Bnw090797,tdr,Gully,775.4,124,0.741573034,0.88,NA,NA,NA,8.553333333,0.176666667,NA,NA,NA,0.024853049
Bnw090797,tdr,Gully,38.4,12,0.712328767,0.641975309,NA,NA,NA,0.13,0.243333333,NA,NA,NA,0.028040738
Bnw090797,tdr,Gully,48.4,12,1.083333333,0.356164384,NA,NA,NA,0.163333333,0.813333333,NA,NA,NA,0.021886823
Bnw090797,tdr,Gully,879.2,252,0.708994709,0.497217069,NA,NA,NA,2.43,0.676666667,NA,NA,NA,0.011934167
Bnw090797,tdr,Gully,50.4,12,0.981132075,0.429752066,NA,NA,NA,0.263333333,0.846666667,NA,NA,NA,0.029847105
Bnw090797,tdr,Gully,534.2,100,0.899159664,0.287248322,NA,NA,NA,2.353333333,0.993333333,NA,NA,NA,0.015283294
Bnw090797,tdr,Gully,870.2,328,0.591776176,1.228873239,NA,NA,NA,2.856666667,1.38,NA,NA,NA,0.018884039
Bnw090797,tdr,Gully,57.4,12,0.339869281,0.541666667,NA,NA,NA,0.13,2.943333333,NA,NA,NA,0.036516295
Bnw090797,tdr,Gully,1652.8,844,1.906482465,0.83988764,NA,NA,NA,7.036666667,4.27,NA,NA,NA,0.004957274
Bnw090797,tdr,Gully,518.4,88,0.411378556,0.392894462,NA,NA,NA,2.406666667,3.376666667,NA,NA,NA,0.035446138
Bnw090797,tdr,Gully,344.4,88,0.761133603,0.449223417,NA,NA,NA,1.306666667,7.736666667,NA,NA,NA,0.014479909
Bnw090797,tdr,Gully,185.8,12,0.143283582,0.097928437,NA,NA,NA,0.213333333,3.403333333,NA,NA,NA,0.019333858
Bnw090797,tdr,Gully,257.8,12,0.147692308,0.054393305,NA,NA,NA,0.03,5.693333333,NA,NA,NA,0.009094035
Bnw090797,tdr,Gully,141.4,12,0.209677419,0.123515439,NA,NA,NA,0.13,NA,NA,NA,NA,0.012512531
Bnw240897_clean,tdr,Gully,2022.6,969.2604,1.84500077,0.817418254,NA,NA,NA,9.47,11.67666667,NA,NA,NA,0.009569301
Bnw240897_clean,tdr,Gully,2560.2,1427.2273,1.194593442,1.073853801,NA,NA,NA,6.916666667,2.636666667,NA,NA,NA,0.00183606
Bnw240897_clean,tdr,Gully,26.8,10.294,1.626585714,0.382419318,NA,NA,NA,0.063333333,5.176666667,NA,NA,NA,0.000144692
Bnw240897_clean,tdr,Gully,436.8,89.4195,0.292857654,0.731706625,NA,NA,NA,1.23,1.946666667,NA,NA,NA,0.005769564
Bnw240897_clean,tdr,Gully,49.8,10.9363,0.715015152,0.402123304,NA,NA,NA,0.23,4.026666667,NA,NA,NA,0.00207127
Bnw240897_clean,tdr,Gully,164,20.6896,2.313487179,0.12461669,NA,NA,NA,0.25,1.406666667,NA,NA,NA,0.002630951
Bnw240897_clean,tdr,Gully,410.4,57.9284,0.440750805,0.684812222,NA,NA,NA,3.78,1.556666667,NA,NA,NA,0.004669841
Bnw240897_clean,tdr,Gully,65.4,11.7431,1.725762069,0.253352062,NA,NA,NA,0.35,11.31666667,NA,NA,NA,0.001534985
Bnw240897_clean,tdr,Gully,83.6,10.927,0.178762646,0.447918447,NA,NA,NA,0.196666667,2.39,NA,NA,NA,0.006815266
Bnw240897_clean,tdr,Gully,29.4,10.1704,0.387382883,2.26372,NA,NA,NA,0.056666667,0.483333333,NA,NA,NA,0.006813444
Bnw240897_clean,tdr,Gully,2627.6,959.8154,0.589245024,0.914587738,NA,NA,NA,5.85,14.86,NA,NA,NA,0.00582186
Bnw240897_clean,tdr,Gully,469.4,41.8325,0.152703487,0.229600645,NA,NA,NA,1.366666667,2.6,NA,NA,NA,0.001547685
Bnw240897_clean,tdr,Gully,48.8,11.8163,1.608159375,0.266089468,NA,NA,NA,0.083333333,10.74666667,NA,NA,NA,0.003059345
Bnw240897_clean,tdr,Gully,1746.8,821.6294,1.36105756,1.187403978,NA,NA,NA,10.76,6.74,NA,NA,NA,0.005555501
Bnw240897_clean,tdr,Gully,582.2,124.8847,1.896517143,0.221538147,NA,NA,NA,0.786666667,10.91,NA,NA,NA,0.001800527
Bnw240897_clean,tdr,Gully,80,16.3219,2.822384,0.192276163,NA,NA,NA,0.05,5.69,NA,NA,NA,0.003120926
Bnw240897_clean,tdr,Gully,18.2,13.3384,3.065126316,0.936827869,NA,NA,NA,0.04,1.903333333,NA,NA,NA,0.003686113
Bnw240897_clean,tdr,Gully,2218.2,917.7402,0.996149591,0.858745203,NA,NA,NA,8.78,0.766666667,NA,NA,NA,0.005790489
Bnw240897_clean,tdr,Gully,87,14.0683,1.812044118,0.129445313,NA,NA,NA,0.06,7.066666667,NA,NA,NA,0.001195407
Bnw240897_clean,tdr,Gully,1984.6,900.7154,0.853405305,1.071462899,NA,NA,NA,6.213333333,9.986666667,NA,NA,NA,0.00756679
Bnw240897_clean,tdr,Gully,2153.6,1287.7438,1.52244943,1.404594894,NA,NA,NA,10.92333333,4.143333333,NA,NA,NA,0.003142628
Bnw240897_clean,tdr,Gully,19.8,12.1032,0.769016418,2.69164,NA,NA,NA,0.043333333,1.293333333,NA,NA,NA,0.000965772
Bnw240897_clean,tdr,Gully,285.2,48.7333,0.290477654,0.647512609,NA,NA,NA,1.303333333,2.003333333,NA,NA,NA,0.004106735
Bnw240897_clean,tdr,Gully,35.6,13.7836,1.726308824,0.471413306,NA,NA,NA,0.07,8.266666667,NA,NA,NA,0.003782235
Bnw240897_clean,tdr,Gully,1810.4,791.2918,1.335069313,1.788972819,NA,NA,NA,15.51333333,0.766666667,NA,NA,NA,0.008753361
Bnw240897_clean,tdr,Gully,19.8,14.0305,2.860468182,0.80795625,NA,NA,NA,0.046666667,7.743333333,NA,NA,NA,0.001659109
Bnw240897_clean,tdr,Gully,19.6,13.9231,0.896895522,3.085095,NA,NA,NA,0.04,0.686666667,NA,NA,NA,0.005601384
Bnw240897_clean,tdr,Gully,488.8,150.2355,0.870081744,0.807557775,NA,NA,NA,3.066666667,0.75,NA,NA,NA,0.006249938
Bnw240897_clean,tdr,Gully,20.8,18.76,3.159515385,1.208515538,NA,NA,NA,0.046666667,7.42,NA,NA,NA,0.002173077
Bnw240897_clean,tdr,Gully,2150.4,829.1711,1.539734382,1.068667863,NA,NA,NA,17.25,0.24,NA,NA,NA,0.007467745
Bnw240897_clean,tdr,Gully,153.8,80.0545,1.22365277,1.067112226,NA,NA,NA,0.576666667,8.36,NA,NA,NA,0.001973989
Bnw240897_clean,tdr,Gully,474,107.4946,0.571784731,0.823555523,NA,NA,NA,3.393333333,1.326666667,NA,NA,NA,0.004099243
Bnw240897_clean,tdr,Gully,21,16.7128,2.722952037,1.0134625,NA,NA,NA,0.05,11.48666667,NA,NA,NA,0.001420988
Bnw240897_clean,tdr,Gully,157.4,45.5553,0.651482196,0.90494757,NA,NA,NA,0.926666667,6.91,NA,NA,NA,0.00386742
Bnw240897_clean,tdr,Gully,1973.8,636.0982,1.048277821,0.892817927,NA,NA,NA,14.20666667,1.496666667,NA,NA,NA,0.002610697
Bnw240897_clean,tdr,Gully,20.2,12.6652,2.358921739,0.782027385,NA,NA,NA,0.046666667,3.986666667,NA,NA,NA,0.001314841
Bnw240897_clean,tdr,Gully,654.2,154.7065,0.470698067,0.771334812,NA,NA,NA,3.41,4.66,NA,NA,NA,0.007427325
Bnw240897_clean,tdr,Gully,785,197.4676,0.492503022,1.303926242,NA,NA,NA,5.26,3.85,NA,NA,NA,0.002498726
Bnw240897_clean,tdr,Gully,1501.8,488.2816,0.880876188,0.89003512,NA,NA,NA,9.406666667,1.553333333,NA,NA,NA,0.002283449
Bnw240897_clean,tdr,Gully,26,12.5911,1.125804375,0.7418375,NA,NA,NA,0.063333333,5.363333333,NA,NA,NA,0.000727265
Bnw240897_clean,tdr,Gully,931.6,252.4692,0.541460545,0.97882458,NA,NA,NA,5.27,6.28,NA,NA,NA,0.005539535
Bnw240897_clean,tdr,Gully,721.8,249.99,1.06477014,1.414725699,NA,NA,NA,6.203333333,2.52,NA,NA,NA,0.001177
Bnw240897_clean,tdr,Gully,434,161.2512,1.237490975,0.830811115,NA,NA,NA,2.64,6.346666667,NA,NA,NA,0.003100393
Bnw240897_clean,tdr,Gully,750.6,179.3943,0.509247655,1.114322924,NA,NA,NA,5.243333333,1.35,NA,NA,NA,0.002863663
Bnw240897_clean,tdr,Gully,24.6,11.5135,2.066308333,0.469484337,NA,NA,NA,0.056666667,6.796666667,NA,NA,NA,0.001378854
Bnw240897_clean,tdr,Gully,2424.8,896.1124,1.078126428,0.66655993,NA,NA,NA,9.59,1.433333333,NA,NA,NA,0.007184647
Bnw240897_clean,tdr,Gully,48.4,11.5145,0.680430556,0.272370629,NA,NA,NA,0.093333333,4.326666667,NA,NA,NA,0.001075344
Bnw240897_clean,tdr,Gully,848.6,155.7692,0.661421079,0.382771424,NA,NA,NA,5.05,0.98,NA,NA,NA,0.005021595
Bnw240897_clean,tdr,Gully,32,11.2896,0.682766197,0.665039385,NA,NA,NA,0.083333333,3.443333333,NA,NA,NA,0.002123261
Bnw240897_clean,tdr,Gully,372.8,42.0866,0.413823788,0.164321294,NA,NA,NA,1.14,1.01,NA,NA,NA,0.004889585
Bnw240897_clean,tdr,Gully,26.6,11.6734,2.349245455,0.413919792,NA,NA,NA,0.053333333,7.13,NA,NA,NA,0.002661102
Bnw240897_clean,tdr,Gully,20.4,14.4767,0.918561364,2.710947826,NA,NA,NA,0.046666667,0.453333333,NA,NA,NA,0.005105587
Bnw240897_clean,tdr,Gully,2071.4,1143.8288,1.333120455,1.057151833,NA,NA,NA,7.04,1.043333333,NA,NA,NA,0.008123168
Bnw240897_clean,tdr,Gully,38.2,15.1752,1.701166667,0.474926489,NA,NA,NA,0.073333333,6.893333333,NA,NA,NA,0.000724766
Bnw240897_clean,tdr,Gully,184.8,13.2059,0.098449045,0.289709715,NA,NA,NA,0.87,7.786666667,NA,NA,NA,0.007274533
Bnw240897_clean,tdr,Gully,4226.6,1455.6515,1.453890362,0.455698135,NA,NA,NA,11.00666667,1.333333333,NA,NA,NA,0.006840422
Bnw240897_clean,tdr,Gully,43.4,21.1069,1.555612069,0.71013464,NA,NA,NA,0.116666667,2.08,NA,NA,NA,0.001433444
Bnw240897_clean,tdr,Gully,49.6,10.6264,0.331726852,0.422512642,NA,NA,NA,0.116666667,10.86666667,NA,NA,NA,0.008045897
Bnw240897_clean,tdr,Gully,536.2,100.0695,0.368541126,0.480298316,NA,NA,NA,2.14,1.91,NA,NA,NA,0.004684488
Bnw240897_clean,tdr,Gully,61.8,10.6674,0.610856486,0.281712327,NA,NA,NA,0.256666667,11.22666667,NA,NA,NA,0.001813135
Bnw240897_clean,tdr,Gully,407,24.0973,0.217129979,0.187431111,NA,NA,NA,3.573333333,3.066666667,NA,NA,NA,0.003172845
Bnw240897_clean,tdr,Gully,68.8,18.5189,1.119998592,0.336861207,NA,NA,NA,0.14,0.543333333,NA,NA,NA,0.00386911
Bnw240897_clean,tdr,Gully,94.8,10.1806,0.354402105,0.383923894,NA,NA,NA,0.89,3.616666667,NA,NA,NA,0.005719864
Bnw240897_clean,tdr,Gully,419.8,36.2395,0.27820991,0.356844292,NA,NA,NA,3.713333333,3.56,NA,NA,NA,0.001988434
Bnw240897_clean,tdr,Gully,64.4,20.5628,1.140066234,0.452349721,NA,NA,NA,0.223333333,6.74,NA,NA,NA,0.001768217
Bnw240897_clean,tdr,Gully,139,24.3167,0.232679404,0.490172986,NA,NA,NA,0.273333333,1.316666667,NA,NA,NA,0.00453636
Bnw240897_clean,tdr,Gully,51.8,18.2913,2.238954,0.434767598,NA,NA,NA,0.153333333,2.99,NA,NA,NA,0.000948003
Bnw240897_clean,tdr,Gully,1640.4,1074.5226,1.671799378,1.764065071,NA,NA,NA,9.606666667,0.55,NA,NA,NA,0.003287164
Bnw240897_clean,tdr,Gully,37.8,22.7443,2.649797297,0.692549776,NA,NA,NA,0.063333333,1.18,NA,NA,NA,0.001386385
Bnw240897_clean,tdr,Gully,129.8,23.9088,0.401848485,0.261715429,NA,NA,NA,0.23,8.99,NA,NA,NA,0.008901077
Bnw240897_clean,tdr,Gully,208.6,23.8004,0.345505119,1.308820513,NA,NA,NA,2.243333333,0.57,NA,NA,NA,0.004911288
Bnw240897_clean,tdr,Gully,65,20.3951,2.558926471,0.286456877,NA,NA,NA,0.076666667,4.673333333,NA,NA,NA,0.004777547
Bnw240897_clean,tdr,Gully,2558.2,1305.6143,1.35619587,0.780060662,NA,NA,NA,5.286666667,1.34,NA,NA,NA,0.006716785
Bnw240897_clean,tdr,Gully,24,29.0102,3.237935897,1.782848485,NA,NA,NA,0.053333333,5.236666667,NA,NA,NA,0.000879245
Bnw240897_clean,tdr,Gully,392.4,70.3219,0.37635673,0.874211111,NA,NA,NA,2.753333333,1.326666667,NA,NA,NA,0.004573187
Bnw240897_clean,tdr,Gully,38.4,16.1934,1.843578947,0.647136557,NA,NA,NA,0.163333333,7.023333333,NA,NA,NA,0.002457603
Bnw240897_clean,tdr,Gully,1862.6,1275.2697,1.92630064,1.376165458,NA,NA,NA,8.536666667,1.496666667,NA,NA,NA,0.007568447
Bnw240897_clean,tdr,Gully,56.2,12.6256,0.555025773,0.421738034,NA,NA,NA,0.226666667,3.863333333,NA,NA,NA,0.000792179
Bnw240897_clean,tdr,Gully,105.4,43.4062,0.978397354,1.229374267,NA,NA,NA,0.63,3.186666667,NA,NA,NA,0.008055475
Bnw240897_clean,tdr,Gully,37.6,15.7925,1.322020392,0.494906897,NA,NA,NA,0.073333333,18.67666667,NA,NA,NA,0.003978382
Bnw240897_clean,tdr,Gully,60.8,12.1869,1.397078947,0.17033871,NA,NA,NA,0.063333333,21.26666667,NA,NA,NA,0.003655065
Bnw240897_clean,tdr,Gully,1796.8,1011.0003,1.536829435,1.003464176,NA,NA,NA,6.356666667,1.553333333,NA,NA,NA,0.004338679
Bnw240897_clean,tdr,Gully,43.4,18.8363,2.70129,0.41387929,NA,NA,NA,0.063333333,5.093333333,NA,NA,NA,0.000409167
Bnw240897_clean,tdr,Gully,732.8,83.4873,0.402346939,0.525235947,NA,NA,NA,7.023333333,3.103333333,NA,NA,NA,0.006647498
Bnw240897_clean,tdr,Gully,207.6,11.5552,0.118239419,0.092211168,NA,NA,NA,0.316666667,4.893333333,NA,NA,NA,0.002966963
Bnw240897_clean,tdr,Gully,220.4,22.3256,0.572899398,0.213185874,NA,NA,NA,1.636666667,3.26,NA,NA,NA,0.004588941
Bnw240897_clean,tdr,Gully,98.6,15.5015,1.318118,0.314665121,NA,NA,NA,0.79,3.27,NA,NA,NA,0.002788434
Bnw240897_clean,tdr,Gully,678.4,72.4967,0.495875137,0.455256627,NA,NA,NA,6.986666667,16.85666667,NA,NA,NA,0.004002674
Bnw240897_clean,tdr,Gully,636,13.0074,0.120425514,0.862752344,NA,NA,NA,8.866666667,8.456666667,NA,NA,NA,0.00297074
Bnw240897_clean,tdr,Gully,285.6,48.6996,2.251553261,0.446090302,NA,NA,NA,2.91,12.64666667,NA,NA,NA,0.004722709
Bnw240897_clean,tdr,Gully,2504.4,1434.9665,1.532966147,1.38809579,NA,NA,NA,13.83333333,17.81666667,NA,NA,NA,0.004819308
Bnw240897_clean,tdr,Gully,2170,1417.5099,1.440067161,1.710256287,NA,NA,NA,10.48,6.236666667,NA,NA,NA,0.00172943
Bnw240897_clean,tdr,Gully,469.8,71.0231,0.292620155,0.564406355,NA,NA,NA,2.61,1.683333333,NA,NA,NA,0.001519782
Bnw240897_clean,tdr,Gully,109.8,33.0928,1.457313402,0.36777769,NA,NA,NA,0.24,2.753333333,NA,NA,NA,0.002032215
Bnw240897_clean,tdr,Gully,445.4,81.81,0.490229422,0.658132917,NA,NA,NA,3.303333333,1.06,NA,NA,NA,0.004290866
Bnw240897_clean,tdr,Gully,78.2,22.6807,1.611011667,0.35971181,NA,NA,NA,0.213333333,3.59,NA,NA,NA,0.00072036
Bnw240897_clean,tdr,Gully,647.4,100.0001,0.229519168,0.939171744,NA,NA,NA,3.11,0.763333333,NA,NA,NA,0.003973621
Bnw240897_clean,tdr,Gully,51.6,24.183,2.379708182,0.571280167,NA,NA,NA,0.116666667,57.77666667,NA,NA,NA,0.003356381
Bnw240897_clean,tdr,Gully,2351.4,1288.1066,1.21095743,1.372381198,NA,NA,NA,10.82333333,0.46,NA,NA,NA,0.004062646
Bnw240897_clean,tdr,Gully,93.2,19.6814,2.471191176,0.182968812,NA,NA,NA,0.096666667,10.08333333,NA,NA,NA,0.001300253
Bnw240897_clean,tdr,Gully,53.4,11.3482,0.77134127,0.216182022,NA,NA,NA,0.09,6.346666667,NA,NA,NA,0.002769
Bnw240897_clean,tdr,Gully,225.6,25.8191,0.235820109,0.405634238,NA,NA,NA,1.333333333,2.12,NA,NA,NA,0.003562082
Bnw240897_clean,tdr,Gully,85.2,12.5237,0.55423276,0.161116045,NA,NA,NA,0.21,3.593333333,NA,NA,NA,0.002267551
Bnw240897_clean,tdr,Gully,65.6,17.1263,1.158849206,0.552235606,NA,NA,NA,0.446666667,2.273333333,NA,NA,NA,0.005053141
Bnw240897_clean,tdr,Gully,83.8,15.4134,1.029803125,0.17277236,NA,NA,NA,0.113333333,NA,NA,NA,NA,0.002013181
